"id","device_name","device_type","event_time","event_type","event_rate"
"id_4593393375","device_lkmdTH2Cp9","iphone",2026-02-12 01:15:48.304125,"cW88ejRwdk",0.93
"id_9707901693","device_LeYgoF7wJD","galaxy",2026-03-25 01:15:48.304135,"FKkGm0lH4l",0.17
"id_3096915542","device_fNqwhAjGVU","galaxy",2025-04-24 01:15:48.304136,"n1WX2bpKqd",0.03
"id_1789762011","device_MIBmGunpEa","iphone",2026-03-01 01:15:48.304137,"MrHNV6KUz3",0.67
"id_5654332920","device_bfOguyvUO7","iphone",2026-03-15 01:15:48.304138,"YZUumKDzJB",0.41
"id_3006217754","device_lFGXnzy5tr","xiaomi",2025-06-14 01:15:48.304139,"cYAf6cONS8",0.6
"id_9831090425","device_QEiy8ck2mw","xiaomi",2026-03-15 01:15:48.304140,"HBKYem3odz",0.37
"id_7776565979","device_UOqqucKM8j","xiaomi",2025-06-12 01:15:48.304141,"T3CUnRXRmr",0.47
"id_1923115128","device_7OnMqAI3um","iphone",2026-03-28 01:15:48.304142,"zhrnDdVU9W",0.72
"id_9097203722","device_MsutES0Qmn","xiaomi",2026-01-11 01:15:48.304142,"TLeZ9UPx1h",0.41
"id_7818512483","device_vVRSuMQZOh","iphone",2025-08-27 01:15:48.304143,"vrB6OLuygy",0.12
"id_7486904434","device_YZUjUw4y4G","xiaomi",2025-11-01 01:15:48.304144,"obrJLcc0sN",0.59
"id_6269697042","device_dVsgGt8CaN","iphone",2025-04-19 01:15:48.304145,"woupr7xCoT",0.41
"id_9450100491","device_zK7pS6Ax5t","galaxy",2025-09-28 01:15:48.304146,"r08jNdUvPi",0.24
"id_2044073829","device_K5esAGdBbW","iphone",2025-10-28 01:15:48.304147,"5xUsbi9l0Y",0.72
"id_2259673970","device_qWH2ggIftu","iphone",2025-06-07 01:15:48.304148,"Vv7i4dk5Uw",0.55
"id_6737969894","device_vvCocl2rSb","huawei",2025-07-28 01:15:48.304148,"zGqMdn83Fp",0.31
"id_2623869273","device_fKs9wvJeOV","iphone",2025-10-11 01:15:48.304149,"fLfA8EUkeg",0.1
"id_6525861251","device_xEYwGamXjj","galaxy",2026-02-27 01:15:48.304150,"f8GVhOXdGC",0.32
"id_4347275652","device_McdzBAxhAJ","iphone",2026-03-09 01:15:48.304151,"TzwEvxnga6",0.07
"id_7902871251","device_h605eQ4zPN","xiaomi",2025-12-06 01:15:48.304152,"xzib6WG1XQ",0.3
"id_1512221095","device_WJqRlKQQMp","xiaomi",2025-11-18 01:15:48.304153,"WLyqC3IjAQ",0.7
"id_7745303439","device_s47L3L6R44","galaxy",2026-03-02 01:15:48.304154,"tv63Q2eh8o",0.1
"id_1801431307","device_J5UxbeK5aW","iphone",2025-07-24 01:15:48.304154,"dmAngJ149P",0.95
"id_1254315962","device_VNXI8s0mmu","xiaomi",2025-04-05 01:15:48.304155,"VKedAtHJGF",0.06
"id_1112072778","device_BnEgP50mXo","huawei",2025-10-20 01:15:48.304156,"hCF6T4Nwcj",0.09
"id_9398924117","device_9cxVPenmvE","xiaomi",2026-03-09 01:15:48.304157,"kCR5CCdeOq",0.18
"id_8689268827","device_4oh9e9oC7M","galaxy",2025-12-07 01:15:48.304158,"Lv8Xhz4umL",0.15
"id_7861173135","device_UjTATyOKf8","galaxy",2026-03-30 01:15:48.304159,"chh1KjPlWK",0.28
"id_5506322480","device_FbrnjmAH2U","iphone",2025-06-23 01:15:48.304160,"CHffP6mUJS",0.3
"id_4495450156","device_uCv8v4OleM","galaxy",2025-11-10 01:15:48.304160,"4tYAywKTgn",0.41
"id_6917832417","device_IHDIvEdH1s","galaxy",2026-03-24 01:15:48.304161,"daZDomkkBq",0.48
"id_9063684357","device_LMRmXN7iXi","galaxy",2026-02-25 01:15:48.304162,"yxkA5aXG5i",0.69
"id_1479203324","device_q0AYm6GtL8","huawei",2026-03-05 01:15:48.304163,"KnWocbH3Dy",0.02
"id_1762420151","device_pAbfq70OA0","galaxy",2025-10-19 01:15:48.304164,"ft8fBvXVqa",0.36
"id_7646521502","device_PuSkR0WLSy","xiaomi",2025-10-24 01:15:48.304165,"0iCk1bJ9uA",0.56
"id_9016508249","device_m3x9Dj5apK","iphone",2026-03-20 01:15:48.304166,"orhzHwebDl",0.64
"id_8373557683","device_VV1wqLk7PT","iphone",2025-05-27 01:15:48.304166,"9sKrOuAcTe",0.41
"id_3341824521","device_4wdIMKRuZ4","iphone",2026-01-04 01:15:48.304167,"aQ30gAeolq",0.03
"id_7640141059","device_BxOKMlXsqB","galaxy",2026-02-01 01:15:48.304168,"HkiSttjBFF",0.29
"id_6070877087","device_LEIwGa5jvu","iphone",2026-02-14 01:15:48.304169,"0VrPe3VVDk",0.05
"id_2650404040","device_iruRlfOZ3A","galaxy",2025-06-09 01:15:48.304170,"BXEe4gLuEW",0.6
"id_4934511272","device_D9tNSNdRTI","galaxy",2025-10-01 01:15:48.304171,"YURXaVzAgJ",0.68
"id_6676382277","device_p5Huc3KQqv","iphone",2025-09-01 01:15:48.304172,"plTgl6qLf7",0.91
"id_6174747011","device_nVrCggii1C","galaxy",2025-12-23 01:15:48.304172,"8vAT7Hy0yH",0.84
"id_2848166931","device_giDRXQiOhB","huawei",2025-05-13 01:15:48.304173,"Q2BCdyBWSb",0.74
"id_1641924057","device_HjWaH5tq3T","huawei",2026-02-04 01:15:48.304174,"Pv8DaQ8km5",0.69
"id_1937162045","device_ySKc8qhAvM","xiaomi",2025-06-05 01:15:48.304175,"Hyv1vITG7v",0.49
"id_5893017546","device_OBlZeET3UI","xiaomi",2025-06-21 01:15:48.304176,"as7wwQQ0Wf",0.08
"id_8782967313","device_VBu2Ajpdr8","iphone",2025-08-26 01:15:48.304177,"ExpjP2YRsD",0.11
"id_9578781473","device_ayEbXbOKrk","xiaomi",2025-08-30 01:15:48.304177,"BLZ5DGxQoN",0.65
"id_3158559267","device_aGeQdDbB5I","galaxy",2025-04-06 01:15:48.304178,"0W9c6gdJUh",0.81
"id_4688816015","device_qPhi5yKIIy","xiaomi",2026-01-22 01:15:48.304179,"5pvHW50BTf",0.09
"id_5057863180","device_K0V7zJ0WGz","iphone",2025-10-21 01:15:48.304180,"66KfvR52cz",0.1
"id_3127726604","device_e6aJwIJ98M","galaxy",2026-01-20 01:15:48.304181,"fLkpsg1s8R",0.62
"id_8534247132","device_nvqkW8P7Uj","galaxy",2025-10-29 01:15:48.304182,"tgmp0BfXAG",0.66
"id_5628885743","device_Y3XiVjVMCt","galaxy",2026-02-22 01:15:48.304183,"VTv1quLUjA",0.36
"id_4465860113","device_fQg9FLjLSD","xiaomi",2026-01-15 01:15:48.304183,"1jHM8fWqlr",0.56
"id_7336440378","device_zjzkjsYDXW","xiaomi",2026-03-03 01:15:48.304184,"6Ldn3AigtD",0.14
"id_7253658121","device_4yr469bIWO","xiaomi",2025-12-18 01:15:48.304185,"BKm9wIhHCh",0.71
"id_8236672359","device_Q21JZ0Lzyu","xiaomi",2025-09-20 01:15:48.304186,"s1sC2uEnNB",0.27
"id_2731178822","device_yldG8RO9bd","galaxy",2025-12-13 01:15:48.304187,"PsF2OOEFBW",0.92
"id_1421984443","device_gOZIFGAejR","iphone",2025-06-03 01:15:48.304188,"wNzVuoIJLf",1
"id_7034488334","device_i5xHJt2wOE","iphone",2025-05-23 01:15:48.304188,"fKnqmO0kVU",0.3
"id_9539724071","device_bZjUtcyUGu","huawei",2025-05-26 01:15:48.304189,"aUrYchUfXG",0.99
"id_1846061913","device_jUBpFPGgC7","huawei",2025-10-24 01:15:48.304190,"IpZz10qzpq",0.59
"id_7680946082","device_eWL9R4xQQ2","huawei",2025-11-01 01:15:48.304191,"FE6qyUV26J",0.96
"id_4379663060","device_bPgc0NcIXv","xiaomi",2025-12-02 01:15:48.304192,"BOzvtbnuSW",0.31
"id_1336971500","device_cISWQ96Ni2","iphone",2025-12-21 01:15:48.304193,"mj9rkpIpbk",0.98
"id_3550515031","device_j5H2OvedF1","galaxy",2025-06-25 01:15:48.304193,"Ln1OtvFCk8",0.42
"id_1790212213","device_cWNgVrRnT5","huawei",2025-11-21 01:15:48.304194,"L6QdA9Vsee",0.79
"id_8612253154","device_wuanu418Vc","galaxy",2025-06-08 01:15:48.304195,"gJEh6CU77Y",0.86
"id_6163930421","device_L0kLu3ER3u","iphone",2025-05-03 01:15:48.304196,"dIWPvtYzSi",0.85
"id_9835387865","device_bIFEYbmGNL","iphone",2026-02-03 01:15:48.304197,"eO1YMDKE67",0.2
"id_7388324269","device_uh2AemYG8C","huawei",2025-12-14 01:15:48.304197,"oRQ9VddtAC",0.79
"id_7159274825","device_Ucl6igE6yH","xiaomi",2025-12-15 01:15:48.304198,"j5RVD3i973",0.27
"id_2134947046","device_OXiVpqvB2u","galaxy",2025-09-18 01:15:48.304199,"kEs3iD8Wrs",0.03
"id_4818739859","device_WD2dbZbLXM","iphone",2026-01-06 01:15:48.304200,"rM2BDIGs3s",0.97
"id_3904688696","device_cEaU3F655a","galaxy",2026-02-06 01:15:48.304201,"b8e30Y0Rig",0.75
"id_2353326979","device_FGnJtjErwQ","xiaomi",2025-08-05 01:15:48.304202,"hc460Jxc1r",0.02
"id_3581130122","device_3KUCFNxlXC","xiaomi",2025-11-18 01:15:48.304203,"YEGa9u3W7M",0.54
"id_7693095451","device_wUBFWoXX5p","xiaomi",2025-07-17 01:15:48.304203,"2mN2ET5azL",0.06
"id_5429545830","device_FWBUcEMVGm","xiaomi",2025-04-13 01:15:48.304204,"pi2DUj6fmz",0.94
"id_9336517604","device_3HJ62D9r5n","galaxy",2026-02-02 01:15:48.304205,"Ht0DS7luBF",0.5
"id_9512893393","device_5nnjRx9ila","iphone",2025-10-18 01:15:48.304206,"ihtbbTNwUk",0.31
"id_5903926657","device_FFOEBkOKHt","iphone",2026-01-08 01:15:48.304207,"i9GH0HdYf6",0.93
"id_7010121806","device_rIVGeNVGm4","galaxy",2025-11-20 01:15:48.304208,"MalEBRfhtW",0.8
"id_3095822825","device_zgbdWBaI9P","xiaomi",2025-08-06 01:15:48.304208,"N3nVexBzt2",0.87
"id_2814359564","device_WGIQcwkOt6","xiaomi",2025-05-29 01:15:48.304209,"qpbWiVxjfO",0.05
"id_4564055785","device_5A2ducgrz7","huawei",2025-10-23 01:15:48.304210,"uiBXYi2cb4",0.99
"id_9449051931","device_tcoF3uYO8V","huawei",2025-07-14 01:15:48.304211,"LzWvPrZxJT",0.81
"id_2696614873","device_mKX4bJeMVk","galaxy",2025-08-25 01:15:48.304212,"nz5WWAuMKh",0.1
"id_1391273971","device_5bM6e9u3fl","xiaomi",2025-11-08 01:15:48.304213,"iiqjFcLZYo",0.97
"id_2387666485","device_q6NOKQxLQq","galaxy",2025-12-16 01:15:48.304213,"cFGNkspHTr",0.52
"id_7610179726","device_oVzchqdj6m","galaxy",2026-02-22 01:15:48.304214,"zX8uTS2ReT",0.9
"id_6062683303","device_SsflMKniUL","galaxy",2025-05-07 01:15:48.304215,"XDEVW21M3N",0.93
"id_7287466442","device_NJYcH5PpHv","galaxy",2025-12-17 01:15:48.304216,"uzOoChEY5L",0.64
"id_3586609220","device_0DpEdRX5iV","xiaomi",2025-04-20 01:15:48.304217,"iXhSoi36QE",0.86
"id_3887591040","device_58BzBU19gP","iphone",2025-12-14 01:15:48.304218,"aqfi1cOsm1",0.28
"id_1217258526","device_604fl0I48I","huawei",2025-08-17 01:15:48.304218,"JM37krpEOD",0.82
"id_2402594219","device_WAsJHXAoTm","galaxy",2025-12-02 01:15:48.304219,"Cg1tFeU6WO",0.25
"id_2679329557","device_VA3xOuTXP1","galaxy",2025-09-04 01:15:48.304220,"oGKUD6GDgn",0.83
"id_9948206783","device_0RADHxeZRw","xiaomi",2026-03-01 01:15:48.304221,"qAORHfPr7k",0.26
"id_8786792304","device_oLopMuq6kc","huawei",2026-01-02 01:15:48.304222,"X4okJgGecs",0.76
"id_2202751077","device_c1yUm8TRKI","xiaomi",2026-01-07 01:15:48.304222,"5nfUsr94SE",0.29
"id_2270092056","device_xGY5lHlrxV","xiaomi",2026-03-13 01:15:48.304223,"XiZ0ycvGHM",0.05
"id_6355198168","device_rTrWFrWHPw","iphone",2025-08-25 01:15:48.304224,"ejfl4XqTNM",0.44
"id_9933295562","device_Vpr1W3UdhS","iphone",2025-12-24 01:15:48.304225,"TASawPfg6Z",0.55
"id_8296440035","device_pXzgSqScjg","galaxy",2025-04-21 01:15:48.304226,"Fu03u7JbJm",0.17
"id_1412444037","device_rY4J8fFojh","iphone",2025-06-15 01:15:48.304227,"GuNbCIltFl",0.62
"id_4003109835","device_wvn5Rl1rPU","galaxy",2025-12-06 01:15:48.304228,"6fgseaICCB",0.7
"id_4638169976","device_TR63krNE4H","galaxy",2025-11-23 01:15:48.304228,"mIftz7cWH2",0.02
"id_2356815144","device_F35m1sF02Q","galaxy",2025-05-17 01:15:48.304229,"ApHteSnhGW",0.96
"id_3776171003","device_mMZjJrhOwR","huawei",2026-01-05 01:15:48.304230,"8ZWFxlXyOP",0.02
"id_2924700589","device_tStWBQYZOm","galaxy",2025-05-26 01:15:48.304231,"HNZoN7tweM",0.76
"id_7770799294","device_pZz7Np1y2W","iphone",2025-12-26 01:15:48.304232,"SG5jqutsvD",0.35
"id_6280290006","device_TGb6q1G5EY","xiaomi",2025-06-10 01:15:48.304233,"GQrQAxfcP7",0.43
"id_6278404591","device_JqKAk8QSN3","galaxy",2026-02-20 01:15:48.304233,"dRJECAK0rl",0.73
"id_6276796410","device_eEfqyko2JM","galaxy",2025-11-30 01:15:48.304234,"8h8UeBHc5K",0.4
"id_4552495576","device_h7nyWtqnCK","iphone",2025-06-26 01:15:48.304235,"gOU0ULeeVT",0.63
"id_5013709349","device_Ztsdm0tMXd","huawei",2025-07-07 01:15:48.304236,"jpEc7eAJqy",0.33
"id_5836616888","device_B2KWmvZez5","xiaomi",2025-10-16 01:15:48.304237,"8eFaJ3FcJE",0.14
"id_3290831618","device_wSgZroCWc1","galaxy",2025-10-02 01:15:48.304238,"1e1JQKTLjj",0.84
"id_4830139030","device_375VEeXUVi","iphone",2025-04-21 01:15:48.304238,"Fvd8J0Gd0F",0.67
"id_2886287653","device_6yC9Cux9V2","xiaomi",2025-06-01 01:15:48.304239,"CnDSpaCVjp",0.81
"id_3711476796","device_L2ko7ScVj2","galaxy",2026-01-08 01:15:48.304240,"NT4TKuhtz4",0.22
"id_7253551385","device_8DmMe9m4QH","galaxy",2025-08-16 01:15:48.304241,"bbDoekZaE8",0.76
"id_7004069538","device_S5Xif94m2V","iphone",2026-01-14 01:15:48.304242,"Ftm4WqItTE",0.19
"id_8342685680","device_eLEzKUh4Tw","galaxy",2026-01-31 01:15:48.304242,"EOpfKS8Ctf",0.73
"id_3258340940","device_8wxruPHEhQ","huawei",2025-07-05 01:15:48.304243,"fkgPN9huOq",0.42
"id_5068822508","device_TBHzgEqIl6","xiaomi",2026-01-28 01:15:48.304244,"5rtOUZinMU",0.09
"id_8882572133","device_jeDr8aY53K","iphone",2025-04-07 01:15:48.304245,"WjxZyV2ROX",0.1
"id_7345251893","device_lwtF7CAL0Z","huawei",2025-05-08 01:15:48.304246,"4XDBxpetkq",0.16
"id_5536567528","device_FHUH2pYnBe","huawei",2025-04-24 01:15:48.304247,"W9qNe4FgFM",0.12
"id_8256036585","device_ljwfbB6com","xiaomi",2026-02-05 01:15:48.304248,"VJZ9RGJtGu",0.16
"id_8312378202","device_CcbciVg5MY","huawei",2025-12-23 01:15:48.304248,"tR6funVCB4",0.14
"id_3912868620","device_110hMQwLXs","iphone",2025-08-05 01:15:48.304249,"fKkLOnT6Oo",0.02
"id_5261299768","device_sJd3K5Rwfq","xiaomi",2025-12-15 01:15:48.304250,"zGXBDuFgKo",0.97
"id_5315165393","device_Vg5Zls0cyr","iphone",2025-08-01 01:15:48.304251,"9mfESYqNPI",0.97
"id_2470443061","device_BkpE1Cpxgi","xiaomi",2026-03-25 01:15:48.304252,"Q9Xp6K5evv",0.24
"id_2399461517","device_FJNgxpvt5W","galaxy",2026-01-04 01:15:48.304252,"FxZminzbWZ",0.65
"id_2395021673","device_QY4ITIkG7M","huawei",2025-05-20 01:15:48.304253,"vABmrKzCzE",0.2
"id_3346294846","device_chQ3nSqcer","galaxy",2025-12-02 01:15:48.304254,"SH3HIFR1k1",0.11
"id_5369262508","device_EkyXEZq4uW","iphone",2026-01-25 01:15:48.304255,"tw8iQMY9fm",0.01
"id_5891101329","device_l14u2NpYiR","xiaomi",2025-11-29 01:15:48.304256,"NcAYixiAEm",0.81
"id_1127443841","device_OsMDs0MG6W","iphone",2026-03-18 01:15:48.304257,"3H2ucCeAuA",0.63
"id_1476904331","device_awHuev2hLB","huawei",2025-10-14 01:15:48.304257,"tcuBmDRNRI",0
"id_9816059133","device_6gtder4mZh","galaxy",2025-05-23 01:15:48.304258,"RZ0bEPyqYI",0.82
"id_7782980611","device_dmRcWvU8SL","huawei",2026-03-15 01:15:48.304259,"tEOOZQcJIG",0.66
"id_7061994922","device_9U9QN1skkR","iphone",2025-08-14 01:15:48.304260,"Zqp1szMA1R",0.41
"id_3969932420","device_15Fvx5RZeM","galaxy",2025-12-20 01:15:48.304261,"fvmw2CKHpP",0.96
"id_6785322567","device_T5kIPZtyWB","iphone",2025-04-18 01:15:48.304262,"b7hcCYRM47",0.92
"id_3656889699","device_HRmkkbHVul","iphone",2025-07-17 01:15:48.304262,"7rf7O9hvZ6",0.46
"id_7267673425","device_GUaXjYXOn8","iphone",2025-09-29 01:15:48.304263,"UAiWz9hJd2",0.38
"id_3220258448","device_XwRjbcC6Z2","xiaomi",2025-10-01 01:15:48.304264,"l3EWzc5NHK",0.01
"id_3823999508","device_uNleeSW9AB","huawei",2025-08-24 01:15:48.304265,"ucQkYSx0ga",0.76
"id_8779956556","device_VrDvz3KPPc","galaxy",2025-04-17 01:15:48.304266,"GsiIwkX8zZ",0.94
"id_4021647388","device_yOduoAeTOb","xiaomi",2025-06-29 01:15:48.304266,"07mcYG3p5U",0.7
"id_2927551729","device_38MrDh8ykL","xiaomi",2025-12-22 01:15:48.304267,"46cCKHyJWg",0.71
"id_9587738859","device_UfBYD4wAjT","galaxy",2026-02-26 01:15:48.304268,"SYp3y4xBAk",0.01
"id_4478890833","device_ked1CxIlwA","huawei",2025-08-20 01:15:48.304269,"kWsw7m676Z",0.66
"id_7221409004","device_6bj5KLp0wj","xiaomi",2025-12-12 01:15:48.304270,"jLedcWyAVY",0.45
"id_2925656342","device_IwAxIRGBo7","galaxy",2025-09-24 01:15:48.304270,"cmt0dUZ0pY",0.65
"id_3192171691","device_y7CAppsGdq","xiaomi",2025-04-22 01:15:48.304271,"ALPyQQcX1f",0.71
"id_4802421243","device_ozC44UL9Kd","iphone",2025-05-20 01:15:48.304272,"ZGcz978BGK",0.34
"id_2789761701","device_fyBsgFCZv5","galaxy",2025-09-08 01:15:48.304273,"h4qCX2Ya59",0.35
"id_1568366918","device_467TWKOvF9","iphone",2025-09-03 01:15:48.304274,"czPuubHEUa",0.07
"id_6752562951","device_IIh5KnTuLy","huawei",2025-08-29 01:15:48.304274,"pGC4t91Tjy",0.63
"id_4364635054","device_UUhRKkzUaZ","xiaomi",2025-06-09 01:15:48.304275,"PZuC2pHn6r",0.2
"id_5880182120","device_ik1sKK67XP","galaxy",2025-06-17 01:15:48.304276,"GGpZPCFLTB",0.49
"id_9631321520","device_NLjbSntPNP","huawei",2025-04-18 01:15:48.304277,"jJR4qI4oUe",0.66
"id_4214416193","device_abUO3dmfp0","xiaomi",2025-11-16 01:15:48.304278,"MJSGWVMSli",0.41
"id_5478879368","device_NlUqUGtRhH","xiaomi",2025-04-10 01:15:48.304278,"PKGNvDocE6",0.6
"id_2435551356","device_kZo8Pct9q5","iphone",2025-04-20 01:15:48.304279,"9mEimQqRb6",0.43
"id_1592744539","device_HyKFLj1OiM","galaxy",2025-07-13 01:15:48.304280,"urTiO9cBXt",0.57
"id_2836563362","device_qek9FDTlT6","galaxy",2025-11-16 01:15:48.304281,"zO0WJdEzeH",0.25
"id_1046798684","device_6JmfdxdlWG","galaxy",2025-09-19 01:15:48.304282,"ITDhUXaZrk",0.9
"id_8465246140","device_03gc8uxqsg","iphone",2025-09-03 01:15:48.304282,"kmo11iQGRW",0.59
"id_7558465876","device_l8qJy2kUtC","iphone",2025-07-18 01:15:48.304283,"oPFOq9ngPm",0.04
"id_5389211310","device_WwAdpkSwkE","huawei",2026-03-10 01:15:48.304284,"w1dQKNPtIS",0.57
"id_2352087209","device_RGg6FgtuJ6","galaxy",2026-02-23 01:15:48.304285,"SFDCEolxGH",0.63
"id_6512720661","device_aNB9tan3Kh","huawei",2025-12-09 01:15:48.304286,"Ec2SJGnAiX",0.33
"id_5257374248","device_dk6uY2yFPT","iphone",2025-07-01 01:15:48.304286,"8ctJ0Z7EZ7",0.67
"id_5318623448","device_S8KEcd7ibj","galaxy",2025-06-14 01:15:48.304287,"9Iw1bPRfXp",0.71
"id_4429949570","device_KdCKcZlGaV","xiaomi",2025-06-23 01:15:48.304288,"OXBL7eeCza",0.68
"id_3646520292","device_IlSXtYxNZC","huawei",2026-01-01 01:15:48.304289,"01Enn9NpsF",0.35
"id_5930240069","device_bE0LbibNVr","iphone",2025-11-30 01:15:48.304290,"yZvvFtR6Om",0.7
"id_2370192273","device_dAHqX6FRwI","huawei",2025-10-04 01:15:48.304290,"4pgsJWwK8I",0.22
"id_9175969113","device_mDd6xByLjV","xiaomi",2025-05-30 01:15:48.304291,"WH4AM8LCAw",0.42
"id_1930086941","device_gs8xgvRGQx","xiaomi",2025-05-09 01:15:48.304292,"hADRrSpIwK",0.87
"id_2802549783","device_LDki4vMz3m","xiaomi",2025-05-12 01:15:48.304293,"o5bahdzUXE",0.75
"id_5293296438","device_fflMh2hHis","huawei",2025-04-28 01:15:48.304294,"1bYKRgXlFM",0.17
"id_3233593384","device_qNAGe31dO9","huawei",2025-10-27 01:15:48.304294,"7lKmqQE2Lf",0.66
"id_9579711432","device_gr8JFJxbWd","xiaomi",2025-04-08 01:15:48.304295,"FFimyTNHLB",0.82
"id_9035873401","device_RpLvUzf3vr","xiaomi",2025-08-21 01:15:48.304296,"mWrk2KPg3A",0.49
"id_1938392027","device_x3J8NkuOZt","huawei",2025-07-24 01:15:48.304297,"rKKzmPQW4W",0.42
"id_4432927713","device_6D1Fj3RQpO","xiaomi",2026-01-17 01:15:48.304297,"0dXX98KLy8",0.92
"id_1205982298","device_Nte0sN5MY5","xiaomi",2025-12-25 01:15:48.304298,"LiAUmp4vBU",0.65
"id_1592589917","device_F83hKLQHeD","galaxy",2025-08-13 01:15:48.304299,"6dGbTb6Ozt",0.08
"id_2531006947","device_wbydvYZC2u","xiaomi",2025-11-20 01:15:48.304300,"aZMlwrarBB",0.8
"id_3097335378","device_XojiR8fC3C","huawei",2025-12-08 01:15:48.304301,"JisC6iaQPL",0.2
"id_8305977073","device_ZiSiyREzSY","xiaomi",2025-11-11 01:15:48.304302,"XWm9uzCNlC",0.77
"id_8615149934","device_OFieMnrC7q","xiaomi",2026-01-30 01:15:48.304302,"BHJtue82UH",0.23
"id_6494204943","device_L1lfK5BGmX","galaxy",2025-12-19 01:15:48.304303,"QneUeaW44a",0.05
"id_5669102685","device_SPOCyEerD5","iphone",2025-11-12 01:15:48.304304,"88JPFfhMX7",0.79
"id_6785490718","device_4dhcMUpdPq","iphone",2025-07-08 01:15:48.304305,"8dzvmxf5dn",0.02
"id_7429956039","device_jTnGlNuHbU","xiaomi",2025-06-20 01:15:48.304306,"VJhBx2oiHp",0.7
"id_1067460089","device_fAh19eZ7SK","xiaomi",2025-08-13 01:15:48.304306,"NaafY1LS8j",0.98
"id_8988029829","device_4rcQW8hRRD","iphone",2025-11-02 01:15:48.304307,"Gub2HsD6vs",0.06
"id_1334018006","device_t64oEB2uz0","iphone",2025-07-18 01:15:48.304308,"zALBcaV7Su",0.97
"id_9141968329","device_CNq5x99Gjr","huawei",2026-03-08 01:15:48.304309,"rbg9oj29tE",0.84
"id_1284057855","device_pzamb02KcZ","huawei",2025-08-13 01:15:48.304310,"p6WUaJYQgd",0.51
"id_1582641639","device_9IDtzd7Vc4","huawei",2025-07-19 01:15:48.304310,"UBNLoOl8Gg",0.52
"id_1121305193","device_0iqpU2c80I","galaxy",2026-02-12 01:15:48.304311,"XX5SaVbYah",0.67
"id_8129709501","device_259VKNoWC7","iphone",2025-09-17 01:15:48.304312,"sY2RvTFovr",0.04
"id_3108056654","device_n7rmwKzJRp","xiaomi",2025-10-16 01:15:48.304313,"w8PefZWec8",0.25
"id_4517592623","device_zShYvlKJHI","galaxy",2026-03-29 01:15:48.304314,"Sn5ZwSuUJn",0.35
"id_3448934508","device_H8JXMV0sjS","huawei",2025-07-27 01:15:48.304315,"g4hrqtaEsv",0.91
"id_3819983513","device_EgPwFdGUN0","xiaomi",2025-04-07 01:15:48.304315,"XFveW4Q045",0.45
"id_3980493102","device_RpQnGO0PEU","iphone",2026-01-13 01:15:48.304316,"NvERbxf9tn",0.91
"id_1890969849","device_4BV057Tbgs","galaxy",2025-11-27 01:15:48.304317,"KhwHfYshD8",0.51
"id_7525619225","device_zDhW1bXW0a","galaxy",2025-04-15 01:15:48.304318,"i6zVqccN20",0.25
"id_9320394677","device_2ko1crJMXL","galaxy",2026-02-21 01:15:48.304319,"SySJfz8NbV",0.65
"id_7962428366","device_KlVyQ2CqJh","xiaomi",2026-02-20 01:15:48.304319,"DvA1Cm8ylY",0.53
"id_8610673058","device_8ZPeiZiZt1","xiaomi",2025-12-12 01:15:48.304320,"10j3OESFLu",0.84
"id_7194453573","device_crbc399Od3","galaxy",2025-10-17 01:15:48.304321,"gMWv7KLYyi",0.21
"id_9581530739","device_BgTtouYwpk","galaxy",2026-01-02 01:15:48.304322,"csViotgqdz",0.47
"id_5438840076","device_ne511S8maV","xiaomi",2025-11-01 01:15:48.304323,"MMpk0DtH4C",0.25
"id_3107859855","device_3fwpPSX1Gg","xiaomi",2025-08-29 01:15:48.304323,"dbFadebh6p",0.83
"id_2752642892","device_FVoGwnY07e","galaxy",2025-06-21 01:15:48.304324,"nmEyW7nDWy",0.86
"id_8926355997","device_HfeT2XcLKG","iphone",2025-07-18 01:15:48.304325,"A0bLCmVLkH",0.38
"id_6397933935","device_IYqBPDFpDk","xiaomi",2026-03-13 01:15:48.304326,"DVIsWg724l",0.64
"id_4122358866","device_wt5EUMF8a1","galaxy",2025-12-18 01:15:48.304327,"4CWMSb4gKP",0.07
"id_2287347145","device_H3ByQrVz7a","xiaomi",2026-02-14 01:15:48.304328,"4HHN6vKNrz",0.31
"id_2374551661","device_HjjsOrkqwd","huawei",2025-10-29 01:15:48.304328,"50QcAeDqLd",0.13
"id_5947963119","device_a883d50tK5","huawei",2025-09-24 01:15:48.304329,"BBnx17dho5",0.57
"id_6066287671","device_Z7cP4VHUI2","galaxy",2026-03-15 01:15:48.304330,"Icy87t3nRv",0.93
"id_3585794795","device_R5MPTwBuKt","huawei",2025-05-18 01:15:48.304331,"WkCoPF9oeK",0.83
"id_7006029959","device_Sb7DPxldcz","xiaomi",2025-04-10 01:15:48.304332,"VYMGlOvuhd",0.47
"id_5903290600","device_iRMI4fhLZw","galaxy",2026-03-30 01:15:48.304332,"L1kmGjmP0u",0.76
"id_6759816226","device_KBOBhRfXRh","galaxy",2025-11-17 01:15:48.304333,"XutCbLgkib",0.51
"id_2803341499","device_82HeYQ6XK5","huawei",2025-09-05 01:15:48.304334,"AkOlqV08P6",0.77
"id_4142982571","device_g42O0fY7Fn","xiaomi",2026-01-24 01:15:48.304335,"hToKqDbO6W",0.79
"id_3678452910","device_cakOaCCyzq","xiaomi",2025-10-20 01:15:48.304336,"pJAq6DKgha",0.4
"id_3194791634","device_JVZaui85Bq","huawei",2026-03-17 01:15:48.304337,"ABqvxztoA5",0.29
"id_1247116612","device_HOLF6D2DAr","huawei",2025-07-27 01:15:48.304338,"pUAmyb14Xa",0.62
"id_1627038971","device_twyWTolG1N","xiaomi",2026-03-13 01:15:48.304338,"26qWUuwJso",0.08
"id_2450089945","device_iTBKwOmzvg","galaxy",2025-07-09 01:15:48.304339,"CKbgk3LwLG",0.49
"id_1183455331","device_LSHKdUC7FQ","xiaomi",2025-12-14 01:15:48.304340,"k8t3kcVCJc",0.05
"id_8039105700","device_LSlyH1B44S","galaxy",2025-05-05 01:15:48.304341,"346gWzc9Ic",0.25
"id_7906070968","device_Rr7xjf00AJ","huawei",2025-08-12 01:15:48.304342,"TCXppg1sFZ",0.16
"id_6760566114","device_W25gtRZRRD","iphone",2025-05-13 01:15:48.304342,"hcshTkH7Xo",0.43
"id_8536424150","device_MKi4FEK5Va","iphone",2025-08-22 01:15:48.304343,"NfAUnyZzzi",0.07
"id_9248052486","device_1s0dsn7f3d","huawei",2025-07-30 01:15:48.304344,"LIN6yxqfec",0.99
"id_1383522671","device_tfkp9BbMOo","galaxy",2025-09-28 01:15:48.304345,"knm14CYNJx",0.84
"id_7942876106","device_idIGn9FVSe","xiaomi",2025-10-27 01:15:48.304345,"mhWpMFBtGZ",0.82
"id_2858994811","device_Ad0NkjBjYY","xiaomi",2025-06-29 01:15:48.304346,"jj2blONtH8",0.1
"id_3733654506","device_Y9tRlkblLX","huawei",2025-12-31 01:15:48.304347,"9P3zBAXV1h",0.54
"id_1059403721","device_dglZXt4eUy","galaxy",2025-08-04 01:15:48.304348,"oSxEXBlXu3",0.11
"id_9876808119","device_X0nJB1vWKH","xiaomi",2026-01-15 01:15:48.304349,"wj9EnC3cAu",0.07
"id_6697453089","device_Nmr9YzN0AR","iphone",2026-03-30 01:15:48.304350,"MopmZNb9H5",0.52
"id_7146489361","device_FbJFmic3Lt","huawei",2025-04-13 01:15:48.304351,"noW5oZBIUq",0.43
"id_1812185435","device_CE1ZdEqA7L","galaxy",2025-06-14 01:15:48.304351,"DcRdr3ZBJF",0.71
"id_8722214162","device_Dpz9tBFhIv","iphone",2025-10-24 01:15:48.304352,"Un0E7x3nQd",0.16
"id_6651779969","device_e4gI4MFNtW","xiaomi",2026-03-29 01:15:48.304353,"mVPOWmrH9o",0.48
"id_7537173211","device_cnrweqHylt","xiaomi",2026-01-21 01:15:48.304354,"Oi1tRmTxis",0.83
"id_5370287715","device_aIHAMVnS5x","huawei",2025-10-08 01:15:48.304355,"RRh8Orf1Ga",0.49
"id_3097807531","device_FH7JMVNU4H","xiaomi",2025-12-28 01:15:48.304356,"cjZ6diUISu",0.09
"id_8174044163","device_hOrwuxT5QO","xiaomi",2025-06-10 01:15:48.304356,"s74esjgCq2",0.2
"id_3609200603","device_9PbbG1ALp6","iphone",2025-10-08 01:15:48.304357,"lSTcvkLijT",0.41
"id_3101130519","device_GvW3qOyvgq","galaxy",2026-01-27 01:15:48.304358,"FEb14RUrsP",0.21
"id_4189066893","device_f2hzhin4wt","huawei",2025-06-22 01:15:48.304359,"Es1DktzkOj",0.35
"id_5555082978","device_GzwjF6mxa1","xiaomi",2026-02-06 01:15:48.304360,"gImzzrld42",0.4
"id_1187636408","device_DuSAWIcfb1","iphone",2026-03-22 01:15:48.304361,"MJJUrRbTO1",0.88
"id_3848697519","device_2HK5xVijz2","xiaomi",2025-11-17 01:15:48.304362,"sj6hUZLzKP",0.71
"id_2899269348","device_pmPiH7mgvv","galaxy",2026-03-24 01:15:48.304363,"JdVFiypwIL",0.11
"id_9174921292","device_piqXPZWRkI","huawei",2026-01-01 01:15:48.304364,"ujBLcJx6De",0.85
"id_5759673794","device_jGvZ2l4JXt","xiaomi",2026-02-15 01:15:48.304364,"tYDJgYccHh",0.73
"id_2562369816","device_GdI2jk1qpk","iphone",2025-09-14 01:15:48.304365,"aGiAkYnQkh",0.71
"id_9545540046","device_WIGzp5zXKj","huawei",2025-09-21 01:15:48.304366,"9CMaYnIrVO",0.38
"id_9295558872","device_UsqHzQtOo8","huawei",2025-04-02 01:15:48.304367,"F3NzpsQWet",0.67
"id_6333656741","device_S5w067vDc1","xiaomi",2025-06-22 01:15:48.304368,"hxWYhtsOrd",0.95
"id_7386502915","device_7ZzkePJp8a","huawei",2026-02-06 01:15:48.304369,"wc8D69z6Wa",0.41
"id_8121528880","device_NIKfyFanON","iphone",2025-10-30 01:15:48.304369,"0CX5zXsieP",0.86
"id_3102467556","device_7N2Z7AmHHA","xiaomi",2026-01-08 01:15:48.304370,"bTol4vy2VU",0.56
"id_7797693438","device_P5U0XBvQUk","iphone",2026-02-03 01:15:48.304371,"4evc2IOWYR",0.22
"id_8215524747","device_SUHaysFiHj","huawei",2026-02-21 01:15:48.304372,"Wv5KsYQlma",0.1
"id_2627692936","device_y2xz9bcQ55","xiaomi",2025-08-21 01:15:48.304373,"pbDYF3VDsb",0.03
"id_2266327078","device_0mHZFohzxw","iphone",2025-04-30 01:15:48.304374,"niS0XsoaBc",0.45
"id_1977531885","device_EYp3SNBLQB","iphone",2026-03-08 01:15:48.304375,"IIfHkDInJb",0.84
"id_3560051122","device_IPq3OxdSJ9","xiaomi",2025-05-05 01:15:48.304375,"GuRSepvGNY",1
"id_9344801547","device_Pf1xA4eat2","huawei",2025-11-21 01:15:48.304376,"Obbl5r34qj",0.9
"id_4761646161","device_97x4SUk8pd","iphone",2025-08-29 01:15:48.304377,"D8gJ3dL3Cg",0.86
"id_9977636134","device_8Qu26yOIQj","huawei",2026-01-14 01:15:48.304378,"swicWaAPmL",0.76
"id_3942769134","device_lkAVDlIMBH","xiaomi",2026-01-26 01:15:48.304379,"mcj4aFDIdf",0.23
"id_4872611563","device_PSk0W83rKq","galaxy",2025-11-21 01:15:48.304380,"c08qjpoKuS",0.84
"id_4582003688","device_JbBnYYaUF6","iphone",2025-09-12 01:15:48.304380,"jPl0FvhWuD",0.34
"id_9160987910","device_4K3fk87i9v","huawei",2025-12-17 01:15:48.304381,"oJNHQO8DzL",0.68
"id_9789430246","device_Lwr9Gj8Fhq","xiaomi",2025-09-18 01:15:48.304382,"lAzxoRYhRO",0.8
"id_1879972848","device_1z1JfMDU9E","iphone",2025-04-22 01:15:48.304383,"RlmxP6MFJ3",0.37
"id_9839664291","device_KrResvaphS","galaxy",2026-02-10 01:15:48.304384,"p4cU49GfoW",0.88
"id_7789900359","device_N77XZ3H8Yl","huawei",2026-03-01 01:15:48.304384,"bT6OqYVFwU",0.56
"id_7480645043","device_iYBNvcTFNo","iphone",2025-10-06 01:15:48.304385,"VCIdQKYPD4",0.73
"id_9439715431","device_UGDSTOG37y","huawei",2026-03-11 01:15:48.304386,"p9IflZy8FU",0.54
"id_3610569453","device_2kDDM1kZGx","huawei",2025-06-21 01:15:48.304387,"lGAmCk16BJ",0.65
"id_9737427431","device_tUqtIEItut","galaxy",2026-03-25 01:15:48.304388,"Lhm70H7bIj",0.01
"id_8110468853","device_RwB5sjmACw","huawei",2025-10-30 01:15:48.304389,"MjmNbKGGYT",0.12
"id_7360119204","device_8lbxitgs8i","iphone",2025-12-08 01:15:48.304389,"5mTKeaVnDr",0.76
"id_7979312010","device_12et8vnIGU","huawei",2025-08-20 01:15:48.304390,"n3f6gKwUB4",0.6
"id_1291387839","device_gK8rtHZppe","iphone",2025-06-14 01:15:48.304391,"unOUbmGNeQ",0.79
"id_1192018372","device_0cYOzyg5Jg","huawei",2025-06-21 01:15:48.304392,"hp6wYodS49",0.1
"id_5604670595","device_bKKVVtFQX3","xiaomi",2025-07-24 01:15:48.304393,"41yjiuvt5m",0.62
"id_1869333101","device_9F4Qu7QgqB","iphone",2026-02-03 01:15:48.304394,"xTRqMlubbc",0.3
"id_4039049955","device_oOzrHeEONS","galaxy",2026-03-21 01:15:48.304394,"GB3rNXEG4G",0.98
"id_6905750403","device_bNY7kNOqw5","galaxy",2025-08-23 01:15:48.304395,"hY9TKgAN2E",0.06
"id_7101541811","device_mp4jYgVgEP","iphone",2026-01-04 01:15:48.304396,"3GHwhDVQ76",0.13
"id_2316536051","device_6QMdjCBfmu","xiaomi",2025-04-08 01:15:48.304397,"XsK5sjDKB7",0.87
"id_9439301804","device_s0PJF6Ptah","huawei",2026-01-09 01:15:48.304398,"IbOH7E6QiC",0.42
"id_1336906400","device_RDCg4dvXOz","iphone",2026-01-21 01:15:48.304398,"0Y2yeST1gX",0.16
"id_3817198953","device_n8jdKzDa4K","galaxy",2025-08-05 01:15:48.304399,"5NX0INgqCB",0.72
"id_9623260913","device_CcdLrm6tVv","huawei",2025-09-19 01:15:48.304400,"nRVMzBSZaP",0.16
"id_6715181095","device_O7Gg2M9Osp","iphone",2025-07-15 01:15:48.304401,"GmPSVp73Kd",0.88
"id_5799670553","device_c7VwA8EgXj","huawei",2025-05-06 01:15:48.304402,"5w0PPZEPUn",0.93
"id_6564573377","device_Q2WxvFbNZJ","galaxy",2025-12-17 01:15:48.304402,"aeZHBm3LrP",0.97
"id_6528824378","device_HcKIVshoWd","iphone",2026-01-03 01:15:48.304403,"a3eRjpFigA",0.79
"id_4698058290","device_AuPLi5RGC8","galaxy",2025-10-14 01:15:48.304404,"bo4krUISXo",0.62
"id_7934807838","device_P0LY1Mbrsu","iphone",2025-09-02 01:15:48.304405,"LaG39NhLG6",0.69
"id_4467059363","device_c4xh7MSa0r","huawei",2026-02-15 01:15:48.304406,"GYDJ3VisM7",0.02
"id_9159062782","device_n2LlC01MGu","xiaomi",2025-06-20 01:15:48.304406,"ouXNYtE6nl",0.49
"id_5485122002","device_m5gPI8rTl7","iphone",2025-06-14 01:15:48.304407,"ppVvN0H8FI",0.32
"id_4962196926","device_2sL4Wi149U","xiaomi",2025-08-20 01:15:48.304408,"7RxgzcfTnX",0.31
"id_1688409631","device_af7uJzSijb","iphone",2026-03-31 01:15:48.304409,"UBpgD0Auq3",0.24
"id_9337135297","device_XuUlZLwjcb","huawei",2026-03-09 01:15:48.304410,"53GgIZOwrg",0.4
"id_6461346335","device_ArGfCIZv6b","galaxy",2025-10-23 01:15:48.304410,"hangxrCZOK",0.36
"id_5981309332","device_CIEETkswOR","galaxy",2025-05-03 01:15:48.304411,"aruOexvPo1",0.56
"id_4418608592","device_s6O20kM3K0","xiaomi",2026-02-18 01:15:48.304412,"5FeNB9tPAs",0.6
"id_6649258994","device_r7LlcWgUDV","iphone",2026-03-16 01:15:48.304413,"4EPhvl9QF3",0.11
"id_4466399116","device_M2p7Ubsjlf","iphone",2025-10-07 01:15:48.304414,"y5bvinnNg1",0.93
"id_1171059201","device_2OkijAguf8","iphone",2026-03-18 01:15:48.304414,"bVywiXkWHT",0.71
"id_4981235440","device_X7b3nTpe2d","iphone",2025-08-14 01:15:48.304415,"sQioJj2zJv",0.51
"id_2583987537","device_5amppRIOaB","galaxy",2026-02-09 01:15:48.304416,"tELJFxRRKe",0.53
"id_3286530637","device_h0smXuBZtB","xiaomi",2025-12-07 01:15:48.304417,"jMokbgnW9e",0.07
"id_8316870606","device_H7SFiZ6SuW","xiaomi",2026-02-13 01:15:48.304418,"gIaKq2ufre",0.35
"id_5843364308","device_AKqavuClcK","iphone",2025-09-14 01:15:48.304418,"1ZlscqOEin",0.39
"id_3846481350","device_IExPvPEPyF","iphone",2025-05-14 01:15:48.304419,"U1oCysuKWI",0.51
"id_2473981406","device_pQZrJtx4bH","huawei",2026-03-19 01:15:48.304420,"B0A5WfPtEh",0.23
"id_3259894190","device_6w7yI06exH","xiaomi",2026-02-10 01:15:48.304421,"csCOnKr3eU",0.32
"id_6230318858","device_gs7LVHuifx","huawei",2025-04-29 01:15:48.304422,"6UZtP3TS0N",0.33
"id_2121041678","device_cVdQl3QcQt","galaxy",2026-03-21 01:15:48.304422,"CJeqJAt07d",0.03
"id_6014177866","device_fLSV6biXjg","xiaomi",2025-05-28 01:15:48.304423,"38gGNCtrYR",0.93
"id_2087572955","device_JUEKNr8JPb","iphone",2026-02-26 01:15:48.304424,"NRF1624kdO",0.64
"id_9498425597","device_GCWeKcEGNH","xiaomi",2025-09-18 01:15:48.304425,"OH0BMxWXRR",0.11
"id_4602204862","device_xdue2ajK1S","iphone",2025-11-29 01:15:48.304426,"3vis1zjQLM",0.61
"id_8735265966","device_VVoeBtD37k","xiaomi",2025-10-06 01:15:48.304426,"30KKidAwX8",0.59
"id_2009942190","device_uEfb4Eka9B","iphone",2025-05-23 01:15:48.304427,"g9QkNpp6Nf",0.84
"id_8679857711","device_pDV9PYiPOX","huawei",2025-06-23 01:15:48.304428,"lYHUsNlAFL",0.67
"id_5610906759","device_IWlGaF9xVZ","iphone",2026-03-12 01:15:48.304429,"PjAWp6gaLz",0.88
"id_4748693043","device_vdfs8rY9sR","huawei",2025-04-02 01:15:48.304430,"TcLZJjetu4",0.92
"id_8395651624","device_lDZGBADIRa","galaxy",2025-12-02 01:15:48.304430,"ehjUCmSzNB",0.02
"id_8224608085","device_Zw9IKxbZiJ","huawei",2026-03-21 01:15:48.304431,"Kd5q4hFcoc",0.63
"id_8251629038","device_XKGnm6EAPH","galaxy",2025-08-26 01:15:48.304432,"8voV07AugM",0.04
"id_2684909983","device_HOwp4kDkrS","galaxy",2025-11-21 01:15:48.304433,"wHY0EO7crQ",0.27
"id_7160276780","device_IvWhRbUi2W","iphone",2025-08-17 01:15:48.304434,"gIXYOMlVln",0.19
"id_9206779308","device_NQD7LzBvZg","huawei",2026-01-21 01:15:48.304435,"WmLFOibXag",0.03
"id_4263723457","device_KVeyCTacOZ","galaxy",2026-01-10 01:15:48.304435,"E7y9UZcBha",0.21
"id_3078431949","device_ERrP6wnODp","iphone",2025-11-22 01:15:48.304436,"7sFbSBosnv",0.95
"id_3451064568","device_hrd4O67Etl","iphone",2025-08-20 01:15:48.304437,"suC2LMZDOr",0.71
"id_9641282127","device_hBwsyiq845","xiaomi",2025-10-16 01:15:48.304438,"bSpyicz1YI",0.1
"id_5695971879","device_1J7MNJiNzs","xiaomi",2025-12-25 01:15:48.304439,"jbLmj4tIVr",0.71
"id_8210110210","device_1MkLYICvcT","iphone",2025-09-11 01:15:48.304439,"MG78Wt3r7k",0.53
"id_8892069755","device_FImRqIhQb1","iphone",2026-01-31 01:15:48.304440,"X1yXHV98Ji",0.8
"id_2644985167","device_oJ9IxvyZjC","huawei",2025-04-30 01:15:48.304441,"WnBRqBfKYc",0.79
"id_6003789537","device_09PB8Z9CTC","huawei",2025-07-20 01:15:48.304442,"UE5ogBBFCq",0.02
"id_1017466380","device_7ay1IgDRst","galaxy",2025-08-05 01:15:48.304443,"rCHm4aDovh",0.18
"id_2881074112","device_lSqN2tIzaT","galaxy",2026-01-22 01:15:48.304444,"iRReHZL9av",0.53
"id_2511385215","device_J1U0aGxdmQ","galaxy",2025-06-10 01:15:48.304444,"jXhshQ9ESc",0.18
"id_4185338918","device_ABwL7Z8Qdt","huawei",2025-10-08 01:15:48.304445,"VnfeEcg0H5",0.65
"id_7127975297","device_93ol6isb3M","huawei",2026-01-24 01:15:48.304446,"BOF3uEV3Nd",0.54
"id_2739453047","device_VegYEmFiNU","huawei",2025-04-07 01:15:48.304447,"Zickhyji8d",0.45
"id_8982600139","device_uABbOc5Lgm","xiaomi",2026-01-30 01:15:48.304448,"qaSRT8ACZx",0.77
"id_8701757282","device_CohGzOei37","galaxy",2025-07-18 01:15:48.304449,"EDbNfqNZws",0.92
"id_5831801576","device_bvd8ycZked","galaxy",2025-04-13 01:15:48.304449,"a3F9MX0hjW",0.06
"id_4595104472","device_sJHucxIyrh","iphone",2025-11-09 01:15:48.304450,"73WfpzWf6D",0.46
"id_9608194903","device_fzqoKBRjdl","galaxy",2025-12-09 01:15:48.304451,"Yd1gAAFXiJ",0.81
"id_9535248505","device_W6TPkQWE9L","huawei",2025-08-18 01:15:48.304452,"7kLwA2wUB6",0.9
"id_5823247832","device_4EdRFbu0GK","xiaomi",2025-12-13 01:15:48.304453,"tJeXn4asly",0.2
"id_5320112694","device_KaOknLrTyn","galaxy",2026-01-11 01:15:48.304453,"zLdPDnbLkX",0.47
"id_5065300697","device_mrbMOAxKOR","galaxy",2025-10-14 01:15:48.304454,"zwW9UOKa4Q",0.5
"id_3304258762","device_CUq2APSjgd","galaxy",2026-02-28 01:15:48.304455,"oxXstVkSzO",0.75
"id_2596498139","device_Jq0ta88GWK","huawei",2026-03-27 01:15:48.304456,"rqxGyIuZXM",0.52
"id_7221485108","device_Ec8u4EAMFB","galaxy",2025-10-03 01:15:48.304457,"i6siU5eNgu",0.46
"id_5799059425","device_M7DIv2XgIz","xiaomi",2025-06-20 01:15:48.304457,"wZ00XNAb3n",0.87
"id_9193831345","device_CLs0v3GVtX","xiaomi",2026-01-18 01:15:48.304458,"Co3bPSuTyr",0.65
"id_6247016451","device_65yZmce2VH","iphone",2025-08-30 01:15:48.304459,"l54k5k3gIz",0.32
"id_3143453222","device_fBdkSf8RwQ","xiaomi",2025-10-05 01:15:48.304460,"k4fRtLMx4y",0.91
"id_7478573956","device_B6fBbDJRgU","iphone",2025-09-12 01:15:48.304461,"4Uzm3fxlcJ",0.49
"id_3560651933","device_TSH97lEjkL","galaxy",2025-06-21 01:15:48.304461,"QQkGgV3nVI",0.63
"id_3179996246","device_6A8XSMKbzF","huawei",2025-07-31 01:15:48.304462,"vLjmkH2oN0",0.17
"id_7407149458","device_t7Tu2LldcQ","iphone",2025-11-29 01:15:48.304463,"kT72HKP7cO",0.44
"id_7690979700","device_AtUY2Fyu1e","xiaomi",2025-09-14 01:15:48.304464,"vELiQb6mYQ",0.31
"id_7832126626","device_OIxXVYl3E5","huawei",2025-06-27 01:15:48.304465,"svWgpIYEOe",0.55
"id_5540142567","device_dSBbM0vIWW","xiaomi",2026-01-18 01:15:48.304466,"wJiNvGkcYH",0.28
"id_9396386492","device_gAF65BvIYY","galaxy",2025-12-25 01:15:48.304466,"hIaTjNDPzy",0.41
"id_9405940597","device_TnVHuJaWyQ","huawei",2025-11-24 01:15:48.304467,"5VwRT6xXgV",0.82
"id_5670465141","device_ssUJ3WOEfq","galaxy",2025-11-26 01:15:48.304468,"PWmVx55bJj",0.82
"id_9618257797","device_K4WGymZZq7","xiaomi",2026-03-06 01:15:48.304469,"d6sV3pdvsF",0.07
"id_7003907601","device_tlfveo6Ita","xiaomi",2025-11-09 01:15:48.304470,"On4GW7an2l",0.22
"id_4162199255","device_0LI34DJ6AZ","xiaomi",2025-09-07 01:15:48.304471,"TNKdLFd5yL",0.51
"id_4889567041","device_64SnStLD0t","huawei",2025-11-30 01:15:48.304471,"12IwmYQM9d",0.9
"id_8938603828","device_yl3ZuPWrIr","xiaomi",2025-06-21 01:15:48.304472,"UKx5zGlFZo",0.52
"id_1507086216","device_dDU4yTIaxQ","iphone",2025-12-06 01:15:48.304473,"Bru772eWQ4",0.89
"id_3871426777","device_NUfMkrkkTt","xiaomi",2026-03-01 01:15:48.304474,"3sDoqP6OXE",0.75
"id_4369699374","device_GG6d6UQRYT","iphone",2026-02-07 01:15:48.304475,"hYWVDfwrBD",0.38
"id_4577414307","device_nNsBcKBuVw","huawei",2025-05-02 01:15:48.304476,"5MNmkJH4fY",0.31
"id_4496555727","device_xLsVSWOhrx","huawei",2025-10-31 01:15:48.304476,"cS6kI1RiCT",0.73
"id_3326794592","device_4x7nqsqHvM","huawei",2025-07-31 01:15:48.304477,"I9jAxeytBE",0.94
"id_3148184446","device_U5tZBrMP7W","xiaomi",2026-02-03 01:15:48.304478,"heL5pnqcxH",0.77
"id_1762780056","device_TfojyKqbww","huawei",2025-09-01 01:15:48.304479,"H1pfd5q9Y4",0.15
"id_2539200027","device_Cy6P2DPbTP","xiaomi",2026-03-27 01:15:48.304480,"fFRm7CqSFs",0.09
"id_2128267122","device_6juvhg9cnn","iphone",2025-05-10 01:15:48.304480,"Z0ruC84rFb",0.27
"id_7943656744","device_3sNrXxCU7f","xiaomi",2026-02-11 01:15:48.304481,"pAOr5C1QLf",0.3
"id_6277739054","device_6jvBKH2EMj","galaxy",2025-05-12 01:15:48.304482,"Q266b8KKZE",0.03
"id_7694936662","device_TZ0jNGMNOF","iphone",2025-10-16 01:15:48.304483,"pRMsJxU2Dd",0.1
"id_1730260373","device_9PBSVlBQRa","xiaomi",2025-04-11 01:15:48.304484,"QyF0lt6066",0.79
"id_5126065659","device_CxdoGSKvGg","xiaomi",2025-12-31 01:15:48.304484,"TCpBoyjc5i",0.09
"id_3788999667","device_ZxE7FSZ8MV","iphone",2025-04-02 01:15:48.304485,"A69mDbisbV",0.2
"id_5204745571","device_SFeUpsMaFe","huawei",2026-01-11 01:15:48.304486,"mWu4TlkcaZ",0.73
"id_2637133407","device_QEIq74Q1lb","iphone",2025-04-18 01:15:48.304487,"KKURCq1vzo",0.03
"id_3975884798","device_UZfVJ4ASyh","huawei",2025-05-21 01:15:48.304488,"OxWrjWMCCY",0.06
"id_7001905432","device_Jgf7HZv8Rh","xiaomi",2025-09-12 01:15:48.304489,"v6PG0KBEr2",0.28
"id_1579947709","device_gD171EXEYe","xiaomi",2026-02-21 01:15:48.304489,"4VrKsQqbkz",0.84
"id_9345852359","device_PdyCQTMuUm","huawei",2025-11-15 01:15:48.304490,"zTmDJoRcsR",0.49
"id_5834269369","device_gbwCIFm3k5","galaxy",2025-10-22 01:15:48.304491,"3cRkvwqN8B",0.48
"id_5542613204","device_ChrMFXBpLO","huawei",2026-02-14 01:15:48.304492,"Ti3iE3kZtJ",0.11
"id_3475283404","device_BlhnV9ygNl","iphone",2025-11-22 01:15:48.304493,"omHNVF9jk9",0.64
"id_4139889683","device_tPwsST7exI","iphone",2025-04-21 01:15:48.304493,"DFi2rwXDNj",0.42
"id_7798077542","device_CIeJ6Y96DR","huawei",2025-05-03 01:15:48.304494,"MG5MPnf6cI",0.72
"id_3270199076","device_g0UnhZ5dvQ","iphone",2025-07-27 01:15:48.304495,"c4DsmnKwPz",0.23
"id_2242030898","device_ViLBac1aqH","xiaomi",2026-02-04 01:15:48.304496,"t5kEg38Fjv",0.7
"id_7856021247","device_RomRPGcYM4","xiaomi",2025-09-09 01:15:48.304497,"p7eQkrLW8G",0.27
"id_7299526497","device_ONLba227f0","huawei",2025-05-26 01:15:48.304497,"NtWdHMlWVT",0.82
"id_7725067519","device_tOo81QVTSp","galaxy",2025-12-31 01:15:48.304498,"ArybwIrNbp",0.2
"id_4111892666","device_CbPz9NlsKq","galaxy",2025-11-05 01:15:48.304499,"EpX6bBiDxu",1
"id_4854822227","device_HSKSLHqeeZ","iphone",2025-08-21 01:15:48.304500,"uN5z8RqdKQ",0.17
"id_7552092254","device_abBgK0Noi9","galaxy",2025-05-08 01:15:48.304501,"bolsp2Iw7v",0.71
"id_5764430437","device_hanNVg1cWJ","xiaomi",2025-04-30 01:15:48.304501,"dUheooe3ih",0.06
"id_2172251140","device_sI2G5Lb5Qc","xiaomi",2026-01-28 01:15:48.304502,"MG2XnhLyKn",0.27
"id_9616557887","device_ZHK4e6iYDR","galaxy",2025-10-02 01:15:48.304503,"oYtwQJe5dk",0.53
"id_1796223700","device_HVUVWdM6aJ","galaxy",2026-03-22 01:15:48.304504,"hZQDdegLpC",0.78
"id_2327871662","device_FhhHcehImP","xiaomi",2025-05-09 01:15:48.304505,"JstcugmljJ",0.19
"id_6747504670","device_ioiHNcWCrI","iphone",2025-08-14 01:15:48.304506,"flBywhqiMM",0.79
"id_5681169077","device_PkXpFxGA8a","galaxy",2025-09-12 01:15:48.304506,"ZVhoQAb0j0",0.21
"id_3669777300","device_yXGVImZOsd","iphone",2026-02-07 01:15:48.304507,"OJYR5TTI6g",0.26
"id_2761868080","device_IUdA1jgMZW","iphone",2025-05-10 01:15:48.304508,"hQGIGUVvUh",0.98
"id_9167324087","device_8sRhwMNC4S","galaxy",2026-03-21 01:15:48.304509,"0nrRdjDPwX",0.64
"id_1058943031","device_NZOipIC6Sl","xiaomi",2025-10-18 01:15:48.304510,"LIXfvVwAGX",0.51
"id_4787103354","device_wN9yxXileI","xiaomi",2025-07-06 01:15:48.304510,"b6VMzGVYEp",0.96
"id_4455479581","device_yKp8LhlwCe","iphone",2025-11-02 01:15:48.304511,"0qPKxAGgoE",0.2
"id_4905627913","device_QqXsm5DUYd","xiaomi",2026-01-22 01:15:48.304512,"NBrTeTYUpi",0.92
"id_6622028400","device_1o9Dscozuq","huawei",2025-10-16 01:15:48.304513,"xCbRVRouIt",0.98
"id_1231731763","device_ubRNmej9wn","iphone",2025-05-09 01:15:48.304514,"JeWZnDbnKD",0.59
"id_6558474573","device_AG3qYB71bC","huawei",2025-11-15 01:15:48.304515,"p5VtZa72LH",0.43
"id_1489141443","device_WVk3gSdNki","iphone",2026-03-07 01:15:48.304515,"zI11rUmfta",0.38
"id_3508209978","device_ltUIOGzhZD","huawei",2025-10-02 01:15:48.304516,"3sNk5iTKPy",0.63
"id_5154597316","device_nx525SF6wT","galaxy",2025-08-12 01:15:48.304517,"jlJBzteh9K",0.65
"id_2792207374","device_goGYcNCWAI","galaxy",2025-08-08 01:15:48.304518,"en7EQCMbza",0.19
"id_1014328586","device_TXom4nhcWn","galaxy",2025-07-25 01:15:48.304519,"LiqZL1dbhZ",0.29
"id_4238644427","device_Wuf2tLUN3m","xiaomi",2025-10-30 01:15:48.304520,"dYBrM9JIRZ",0.66
"id_2851254622","device_Oag142DUCX","xiaomi",2026-03-10 01:15:48.304520,"GCxuLKI9yG",0.89
"id_3090433405","device_rN0NyYIxXt","huawei",2025-08-21 01:15:48.304521,"agbtVZGcGy",0.92
"id_1911046218","device_ubc9VUjvGa","huawei",2025-04-13 01:15:48.304522,"vdmhSilsy1",0.52
"id_8190879007","device_ddAOvWNZOx","xiaomi",2025-10-19 01:15:48.304523,"lNHvzRbxUj",0.87
"id_1326012097","device_9395F8QiFg","xiaomi",2025-11-09 01:15:48.304524,"OwhX9ibLrA",0.05
"id_8692593306","device_s6gseNsY9U","galaxy",2025-11-30 01:15:48.304524,"EoGbWhkFg0",0.04
"id_7095844568","device_pMTOF6xbGX","galaxy",2025-10-27 01:15:48.304525,"WReadJYeno",0.09
"id_7876283353","device_yEnDxGK9nw","iphone",2025-10-16 01:15:48.304526,"brX8owEYEf",0.81
"id_5203863260","device_yIZeCaybTV","huawei",2025-04-23 01:15:48.304527,"N1s1IbIltN",0.17
"id_7173313374","device_BMnEno9x5g","galaxy",2025-06-22 01:15:48.304528,"RtMsVk8DcZ",0.28
"id_7278498203","device_0sNdLcTALz","galaxy",2025-04-25 01:15:48.304528,"wLEentjgmX",0.65
"id_2635014266","device_30YlYaa7qr","iphone",2025-05-04 01:15:48.304529,"UsIWFfpxkk",0.75
"id_6802899074","device_LDVWytd0zM","galaxy",2025-11-07 01:15:48.304530,"7JPv8jYxhY",0.17
"id_5700963781","device_GD1My7MJQb","galaxy",2025-06-28 01:15:48.304531,"rLxqOnXIQT",0.85
"id_6461055553","device_5hacWKlLpt","iphone",2025-09-19 01:15:48.304532,"28CBt1yYS7",0.06
"id_3465518298","device_cAslLHhpg6","iphone",2025-05-28 01:15:48.304532,"3UJ299iRTY",0.29
"id_5948154245","device_ylwySobOKF","huawei",2025-04-07 01:15:48.304533,"buiuqmuEyr",0.74
"id_3914287523","device_rgc59anIQq","xiaomi",2025-06-11 01:15:48.304534,"LjfncXsEWm",0.65
"id_5812329277","device_c0Fr6Kwti2","iphone",2025-12-01 01:15:48.304535,"s7kmAi3gle",0.53
"id_4298538439","device_iaIcLLOmWr","galaxy",2025-05-12 01:15:48.304536,"hDU8aqZuna",0.99
"id_6183087754","device_YqzFCvQhEe","xiaomi",2025-10-01 01:15:48.304536,"aUjte88uO0",0.43
"id_5970633052","device_Ojpi4SpBbp","xiaomi",2026-02-07 01:15:48.304537,"qGF9XfX3Zu",0.36
"id_3269868555","device_BW24MxgkAa","iphone",2025-12-03 01:15:48.304538,"do1YH7pi0J",0.44
"id_9496637938","device_OvlQh6CQDp","iphone",2026-02-25 01:15:48.304539,"hWCjNmZh9Q",0.44
"id_3877017614","device_P9qAH8sEGB","galaxy",2025-09-11 01:15:48.304540,"VloonR60r8",0.73
"id_8552191601","device_17TFZa2tZU","huawei",2025-06-14 01:15:48.304540,"3J3vuBB7b2",0.3
"id_7045461501","device_L33yyo1GSD","xiaomi",2026-01-10 01:15:48.304541,"kgcE8EzEBg",0.97
"id_9472383883","device_4x9Zc0UY2D","xiaomi",2025-06-19 01:15:48.304542,"fqFOggIc5q",0.93
"id_2994915280","device_QJ5ixpdrAw","galaxy",2026-01-28 01:15:48.304543,"83XaF6Hk4d",0.38
"id_8679234235","device_P62QC1GgEd","iphone",2025-08-09 01:15:48.304544,"PcLZcmGHGp",0.01
"id_5782680804","device_j8RgWyfNMO","huawei",2026-01-07 01:15:48.304545,"X9dc0pFxeL",0.4
"id_5822932440","device_A9psBZOXWI","xiaomi",2025-04-30 01:15:48.304545,"VLfJWyAL1y",0.08
"id_9876629506","device_5BLtAvcZrG","xiaomi",2025-05-19 01:15:48.304546,"cAFepj4TO7",0.62
"id_8679075205","device_o20zKwTHYB","huawei",2025-07-12 01:15:48.304547,"rc42MuR8p4",0.65
"id_2838860201","device_lVxneI2P6z","iphone",2026-03-23 01:15:48.304548,"pBKClaeewB",0.32
"id_8329426644","device_KJ5xLtdu6W","galaxy",2025-11-20 01:15:48.304549,"nYzpycoPga",0.75
"id_4933821841","device_P6t9OKBQFg","galaxy",2026-02-13 01:15:48.304549,"5waGRamWAD",0.09
"id_9496377721","device_BeMYDbXiNG","huawei",2025-09-15 01:15:48.304550,"dI9WLxpYMo",0.34
"id_4497989106","device_JkfHouSGry","huawei",2025-12-20 01:15:48.304551,"qqwUJezvGj",0.61
"id_2324202686","device_UNX69VzCUH","iphone",2026-03-21 01:15:48.304552,"LKGEiUQAHA",0.88
"id_7970529539","device_HT7SNagfLx","xiaomi",2025-07-07 01:15:48.304553,"WZM2z7zAfp",0.38
"id_8656146457","device_eP7coymME8","iphone",2025-10-04 01:15:48.304554,"pvxtBNVAiK",0.75
"id_1348094082","device_xmw7oL359Y","xiaomi",2025-05-12 01:15:48.304555,"po0bMylYKw",0.48
"id_4673430145","device_9cxZXVszpS","huawei",2026-01-22 01:15:48.304555,"GFjq6Hyu0p",0.37
"id_6189752467","device_IogISCchHT","xiaomi",2025-10-02 01:15:48.304556,"4hcsXDo9VA",0.63
"id_4351762969","device_ak9jynI7wz","xiaomi",2026-03-12 01:15:48.304557,"q6YKoizL1Y",0.25
"id_8888838381","device_HHG1mQDZ0V","iphone",2025-07-22 01:15:48.304558,"3Ic000sMSk",0.57
"id_3328867600","device_gvXAbGmJFr","galaxy",2026-01-24 01:15:48.304559,"8T9cdfat2t",0.51
"id_2758821004","device_lQsOU4mmDY","iphone",2025-08-27 01:15:48.304559,"wFVtSxMXok",0.62
"id_5280431004","device_KqvRmUofJb","galaxy",2026-02-28 01:15:48.304560,"7EL10e4yhF",0.04
"id_8947836292","device_P4TrTEujDg","huawei",2026-03-31 01:15:48.304561,"81Vcnldpac",0.44
"id_9301566964","device_SJxace2rdH","iphone",2025-04-07 01:15:48.304562,"BIExQA62H5",0.65
"id_4705217275","device_U1U4e62nDX","galaxy",2025-08-24 01:15:48.304563,"Q8WTR731MS",0.58
"id_6106545009","device_7o8FYaNdIu","huawei",2026-02-19 01:15:48.304564,"6J0YJiwA76",0.15
"id_4153326961","device_rl1MZWTovn","huawei",2025-10-27 01:15:48.304564,"jKnheCw05y",0.1
"id_3311090586","device_LRWSLB8NQQ","galaxy",2025-11-25 01:15:48.304565,"9JZAAOtK0e",0
"id_3500366101","device_1oM5u3nTAa","xiaomi",2025-08-04 01:15:48.304566,"hQVKwPxDMI",0.25
"id_4620291149","device_D5xB5xsYvL","galaxy",2025-11-05 01:15:48.304567,"O3Ttn11bSk",0.85
"id_6502443520","device_pPcgavSW2A","xiaomi",2025-09-18 01:15:48.304568,"z4RX0leNId",0.48
"id_3982947369","device_1L0KWLmbth","galaxy",2026-01-06 01:15:48.304569,"UlshYkhcUH",0.74
"id_1548983468","device_9TRz6AQfVE","xiaomi",2026-02-23 01:15:48.304569,"CpMM9Gs2x3",0.44
"id_3890516484","device_3G6lmNH1k8","xiaomi",2025-08-22 01:15:48.304570,"lVbbbH8808",0.37
"id_9798052101","device_WP3ygLiksA","xiaomi",2025-09-01 01:15:48.304571,"4uqjrQdQVJ",0.16
"id_4704942876","device_h2ZOqPduNF","iphone",2026-03-02 01:15:48.304572,"abP9qkffsf",0.44
"id_1204435347","device_vKcfSx3E1X","galaxy",2025-11-15 01:15:48.304573,"wq6JVi8JCl",0.22
"id_5991393508","device_iXCVqmcyx8","galaxy",2025-04-28 01:15:48.304574,"jWdScjW0Eu",0.87
"id_9232695285","device_WpvX9U8Cpo","galaxy",2026-02-15 01:15:48.304574,"l6xSAt3iQ1",0.59
"id_1585870779","device_TawR5fQhcw","xiaomi",2025-06-25 01:15:48.304575,"hfvywURNUL",0.63
"id_2990069148","device_MuSiWmFmJG","xiaomi",2025-06-24 01:15:48.304576,"YjyVQkjhsU",0.91
"id_1007314603","device_es7zpVhtiM","xiaomi",2026-03-08 01:15:48.304577,"logSZVpUQ5",0.96
"id_3178620109","device_1UUA8x54iz","iphone",2025-07-03 01:15:48.304578,"F0HmfXD7RE",0.29
"id_4014342068","device_ZjvwR2HUFt","iphone",2026-03-11 01:15:48.304578,"YotgNGUvsb",0.94
"id_2359021322","device_wZMwH3v6vl","xiaomi",2025-07-25 01:15:48.304579,"xLwveyv5xl",0.55
"id_6428223304","device_bHKomvOnO5","xiaomi",2025-08-02 01:15:48.304580,"3QqMKYleOA",0.83
"id_9943799164","device_tVwq40uBRp","galaxy",2025-07-19 01:15:48.304581,"VNfKAGeyxd",0.93
"id_7095509244","device_hOGHfbIE1n","galaxy",2025-10-18 01:15:48.304582,"QBFacA5HrV",0.4
"id_8266547619","device_WLfEmxPmcW","galaxy",2025-06-08 01:15:48.304583,"lH9JwMqR1e",0.5
"id_4135502884","device_ftMtxAD7Bv","galaxy",2025-04-02 01:15:48.304583,"Ar7FFPw4Jf",0.86
"id_6417225847","device_KFoAiUnJHZ","iphone",2025-09-07 01:15:48.304584,"zWSfRtexVS",0.4
"id_6646467069","device_e67gbEjL7l","galaxy",2025-05-06 01:15:48.304585,"2jNeTb8xz4",0.91
"id_4236362415","device_BtlGMfvj5Q","iphone",2025-04-13 01:15:48.304586,"uQxBIw6jpO",0.45
"id_8943122520","device_L0wXEGMUs1","galaxy",2026-01-16 01:15:48.304587,"rXL5tXm0QS",0.32
"id_7105887093","device_ycDjsM559p","galaxy",2025-12-16 01:15:48.304588,"ajOkWsIj8N",0.47
"id_2233134645","device_bmFN3ZbMDx","xiaomi",2025-04-06 01:15:48.304588,"85zdj7L7rF",0.65
"id_5843501080","device_KWs3Q5YO38","xiaomi",2025-06-10 01:15:48.304589,"td748gF5um",0.35
"id_1612450714","device_e2g5kXBtD6","huawei",2025-09-12 01:15:48.304590,"XQTzmlpkoQ",0.09
"id_2718282490","device_VBQ6MiYAjD","xiaomi",2026-02-11 01:15:48.304591,"FhLoQ9J068",0.02
"id_6444050817","device_V69R95JiAK","galaxy",2025-09-30 01:15:48.304592,"ihpniJZyS8",0.45
"id_9405383268","device_wir7W1BLDu","huawei",2025-09-04 01:15:48.304593,"cTx9a9pKnD",0.14
"id_9656276206","device_yYzhrZTRXU","galaxy",2025-10-05 01:15:48.304593,"TPdK7pgBsl",0.43
"id_1639151651","device_mF9XKmGn2X","xiaomi",2026-01-14 01:15:48.304594,"wgG4026dnN",0.71
"id_3142711992","device_mkBWQ63awO","xiaomi",2026-02-28 01:15:48.304595,"HkjvnrCqVO",0.91
"id_6450509213","device_bZDIT4bpcj","iphone",2025-12-15 01:15:48.304596,"rlzpBcLNgY",0.57
"id_7463023366","device_g1AgSBKn1D","huawei",2025-11-01 01:15:48.304597,"soPtqQPNeL",0.1
"id_2881905848","device_3ak6K6t6YM","huawei",2025-07-09 01:15:48.304598,"bHEgNQ8hbA",0.8
"id_1020467497","device_ngxm2lCZxq","xiaomi",2025-07-10 01:15:48.304598,"UxYi28WRqK",0.42
"id_3846423808","device_Co5EWRkhYJ","xiaomi",2025-04-13 01:15:48.304599,"hNEPYdBa8g",0.47
"id_7908644843","device_fztu1l4d9s","galaxy",2026-03-14 01:15:48.304600,"ujJldw5OfG",0.15
"id_8716379619","device_wax4vbLY9k","huawei",2025-05-10 01:15:48.304601,"XhwbDZLyWH",0.04
"id_7076523920","device_tLa30nfsOU","galaxy",2025-10-16 01:15:48.304602,"r7eZNAX6Gy",0.77
"id_2832226513","device_emBwDLedfH","huawei",2025-12-17 01:15:48.304602,"uo2MTuCdOY",0.8
"id_8079640484","device_p51fnMtWga","huawei",2025-04-19 01:15:48.304603,"3GZfXr17HW",0.38
"id_2024575930","device_ndHXCL6FjW","galaxy",2025-12-04 01:15:48.304604,"NrRlfKddSN",0.01
"id_9626610754","device_oEE92xyi2Y","iphone",2025-05-24 01:15:48.304605,"gRY9vgpa4v",0.77
"id_1780332297","device_TGIXCuFGGa","huawei",2025-12-10 01:15:48.304606,"pKjKpw6tKG",0.34
"id_3712619335","device_vscD4b1uDK","huawei",2025-10-30 01:15:48.304606,"pr7Pdgx5m9",0.15
"id_1146832818","device_H2kpj26LxF","xiaomi",2025-12-25 01:15:48.304607,"kDHhfqOuAf",0.03
"id_9652175703","device_E2ysx2QjNV","huawei",2025-05-06 01:15:48.304608,"7WAEWcTKnz",0.25
"id_5965566864","device_vDXrAUthhv","xiaomi",2026-03-14 01:15:48.304609,"u3ZHvb6DHv",0.43
"id_3249374402","device_JK8aMRBOsz","xiaomi",2025-05-27 01:15:48.304610,"jroOexKy59",0.84
"id_6676170159","device_6xoE7OElBt","huawei",2026-03-21 01:15:48.304610,"DhQiJIx3o0",0.94
"id_7068859723","device_PdiPKRE1Gk","iphone",2025-07-01 01:15:48.304611,"kyJZL76k8Q",0.25
"id_4406755231","device_YHKTiyP3E1","huawei",2025-05-26 01:15:48.304612,"TuIXXvCWGv",0.5
"id_7738725941","device_n8LaapRrqa","galaxy",2026-01-25 01:15:48.304613,"LjvEUX5TiO",0.82
"id_6106536751","device_968UCelXk9","galaxy",2025-10-04 01:15:48.304614,"8NUcTUpnDR",0.6
"id_2637900883","device_269POYDxuq","galaxy",2025-10-10 01:15:48.304615,"Rs33GvnTZ1",0.06
"id_1788182904","device_ES6NB1zCDs","galaxy",2025-09-25 01:15:48.304615,"XyGYpirpQ2",0.66
"id_2049683823","device_4gMXGagV6q","iphone",2025-07-29 01:15:48.304616,"4tSuA0D5xx",0.61
"id_3676953194","device_Jen5vxUQkw","xiaomi",2025-09-19 01:15:48.304617,"k3U5fMFoaC",0.77
"id_5904746944","device_pQQSK0usVW","huawei",2025-04-16 01:15:48.304618,"YG6Yiyi0sj",0.07
"id_5554345816","device_Eiks1kA0tZ","huawei",2026-02-15 01:15:48.304619,"iZEfPHVuTd",0.82
"id_3143185164","device_fOr969xMpS","galaxy",2026-01-09 01:15:48.304619,"bYTIw6vs9c",0.96
"id_6484877312","device_Yaq6SVbJsm","galaxy",2025-05-09 01:15:48.304620,"pVpOjyVpgk",0.78
"id_8084233259","device_B11ZnoeWHr","galaxy",2025-11-27 01:15:48.304621,"t9Rfs2IlC6",0.91
"id_8504519794","device_Q57zrdsiek","iphone",2026-03-29 01:15:48.304622,"zCjmYWLscD",0.17
"id_7976392339","device_1sDlnUDNHV","xiaomi",2026-03-22 01:15:48.304623,"Rrqx7tEy2w",0.52
"id_3203814278","device_6dxxcWpi6s","huawei",2025-10-30 01:15:48.304624,"xUbOMywXe8",0.24
"id_8277472016","device_sGRgjJdtXu","iphone",2025-06-15 01:15:48.304625,"l7oauYaH9Y",0.35
"id_4496202353","device_4ivjIRWQax","galaxy",2025-10-09 01:15:48.304625,"nn7XxZpW7M",0.51
"id_4603632092","device_CYqc3Fk1JF","huawei",2025-07-05 01:15:48.304626,"DcVwJlkaa4",0.4
"id_4821871340","device_gIJY9Zb0mE","xiaomi",2025-09-29 01:15:48.304627,"nTTY9bmntV",0.1
"id_7116712537","device_0nXa7Sd3Cu","huawei",2025-05-21 01:15:48.304628,"iZjjZzxaD3",0.38
"id_1103442151","device_YjYUgMzrJg","galaxy",2025-09-03 01:15:48.304629,"noF58xrf8j",0.93
"id_3352200684","device_LCRSdxj4AW","xiaomi",2025-04-27 01:15:48.304629,"8qXOgiqL0s",0.08
"id_8667189023","device_AFLv71ig0x","xiaomi",2025-10-20 01:15:48.304630,"U3z06mP4N2",0.67
"id_6460991630","device_iFViwoXwRj","xiaomi",2026-03-29 01:15:48.304631,"YGsh5camcf",0.33
"id_8641119502","device_G8zw3YeWvt","xiaomi",2026-03-27 01:15:48.304632,"UhEre4txka",0.9
"id_5513753064","device_0iQibEhWBq","huawei",2026-03-25 01:15:48.304633,"dfwgj4pNUJ",0.4
"id_8452183214","device_N6LGrGDLO8","huawei",2025-07-12 01:15:48.304634,"Uc02utcSPc",0.23
"id_3564967875","device_ReN5Ytj2Ek","iphone",2025-08-27 01:15:48.304634,"ZzGfyFWcAj",0.53
"id_6562384706","device_xmO0TLHZNC","huawei",2026-01-26 01:15:48.304635,"qZgmgvWllM",0.66
"id_9051721259","device_NU7qGcunRo","iphone",2026-01-22 01:15:48.304636,"jW9BR9OxrA",0.57
"id_7096723117","device_CvOPighq4f","iphone",2025-10-17 01:15:48.304637,"cOFBo8JJew",0.45
"id_2747412463","device_vRlmCPLVLi","iphone",2025-10-10 01:15:48.304638,"jpbB6U4dsq",0.63
"id_2739370729","device_W84HfkEYzv","huawei",2025-04-26 01:15:48.304638,"q0gvFrXQVp",0.41
"id_1675752127","device_CgRq2xicxq","galaxy",2025-05-01 01:15:48.304639,"jjctHeVIOF",0.34
"id_7820942439","device_jfBx5plQKE","iphone",2025-09-11 01:15:48.304640,"jY03YoL73S",0.23
"id_2272815157","device_OPFJbYGOaP","iphone",2026-01-26 01:15:48.304641,"1O6NjUoOPS",0.47
"id_3026636581","device_6jbrg0DLDK","huawei",2026-01-02 01:15:48.304642,"RptZcRYZtK",0.72
"id_1949228446","device_jTStVHLnQA","huawei",2025-10-20 01:15:48.304643,"qwiKx21MFD",0.66
"id_8910784701","device_yURQhVsiof","iphone",2025-09-25 01:15:48.304643,"pTtEbl2GFT",0.16
"id_6005286595","device_gdW2U6tlE0","xiaomi",2025-04-25 01:15:48.304644,"LWiWWyy1eN",0.22
"id_7492111872","device_Oj7p3az14t","xiaomi",2025-06-23 01:15:48.304645,"gcH6HGyBvB",0.34
"id_6911849454","device_FFuDfwPPnh","xiaomi",2025-04-29 01:15:48.304646,"qTikE3dIEx",0.4
"id_7347274835","device_v6ymQzwOai","huawei",2025-09-14 01:15:48.304646,"e3zx5TFZbh",0.14
"id_8546224205","device_VS3WOo9U53","huawei",2026-01-05 01:15:48.304647,"HGSsf1CACX",0.94
"id_6368796357","device_zXqsSWOC7A","huawei",2025-04-04 01:15:48.304648,"F3pSrzI1KT",0.2
"id_8491348329","device_2Z2L0sGs8U","galaxy",2025-12-20 01:15:48.304649,"dKrcGwVerU",0.76
"id_8864054427","device_tV4k17ae3c","galaxy",2025-07-04 01:15:48.304650,"ZQDw9J2mKK",0.77
"id_7654333138","device_qogHoE9MzD","xiaomi",2025-06-15 01:15:48.304651,"fpTryS6UYC",0.13
"id_5802334819","device_blZhmjYCeN","huawei",2025-07-22 01:15:48.304651,"cZQ5hDGqEh",0.51
"id_3907973382","device_J51BhioFfV","iphone",2026-03-29 01:15:48.304652,"hE8ostWdmL",0.43
"id_9560308618","device_hUTsjZCGSh","huawei",2025-09-14 01:15:48.304653,"fTx7Cezuf1",0.42
"id_3106871927","device_Z1ToUvTGKD","galaxy",2025-09-02 01:15:48.304654,"6Ni9oHJsWr",0.1
"id_2658397551","device_xOuP3zzs2G","galaxy",2025-09-18 01:15:48.304655,"JbZ7lgmBpb",0.98
"id_1901309206","device_uoIphhiRdB","iphone",2025-10-14 01:15:48.304656,"VJbItGibAa",0.53
"id_5390023636","device_1y8iGr2gdL","iphone",2026-03-05 01:15:48.304656,"3xauTjHu0L",0.4
"id_8671137670","device_pUinecw49c","iphone",2025-10-12 01:15:48.304657,"1kqpusWch9",0.8
"id_2428552551","device_vIPwwMDaz4","iphone",2025-09-03 01:15:48.304658,"gJwSkw2lbC",0.2
"id_2110265855","device_bQXsfcNgH0","iphone",2025-06-02 01:15:48.304659,"1rWkqdhhpM",0.9
"id_5652787610","device_jX0Zl7Kq7Q","iphone",2026-03-09 01:15:48.304660,"NX6QXHmMaj",0.58
"id_6023974403","device_UtZMs1juoK","huawei",2026-03-15 01:15:48.304660,"SctBV59hji",0.84
"id_4610016773","device_eSoaO6vzF0","iphone",2025-12-13 01:15:48.304661,"YGMVJ7097G",0.69
"id_1000900399","device_bRDWet1KpO","galaxy",2025-11-18 01:15:48.304662,"PAVYL8APTR",0.99
"id_1555041395","device_au7IUgLxis","galaxy",2025-04-13 01:15:48.304663,"cqAnGr8t7t",0.26
"id_1252291880","device_4qO2dnQFez","xiaomi",2025-04-17 01:15:48.304664,"y2xrz6xFr8",0.37
"id_2076021252","device_OszQaS57dM","iphone",2025-07-24 01:15:48.304664,"fdHaqy9MrZ",0.48
"id_9485481069","device_K3fTzlRXsC","xiaomi",2025-07-31 01:15:48.304665,"5QO1X71eYr",0.22
"id_8760990744","device_VAsKyYG4W7","galaxy",2026-01-05 01:15:48.304666,"VHHoaZUTgP",0.54
"id_9062726023","device_0ePrXNl0fJ","galaxy",2025-04-24 01:15:48.304667,"gubmm4qlRj",0.03
"id_2590133091","device_C3lf7I0TAa","huawei",2025-08-16 01:15:48.304668,"jBmwPHt6aC",0.5
"id_4490716751","device_uYxWR7rRMq","galaxy",2026-01-07 01:15:48.304669,"OyS9ef7DtY",0.41
"id_8380673211","device_rc157LI7jb","huawei",2025-12-30 01:15:48.304669,"sllAjvTzvX",0.28
"id_1465812542","device_PDiYPuZcUE","galaxy",2025-05-27 01:15:48.304670,"t4PGZbWBGL",0.17
"id_1676609109","device_ljsuujdf6H","huawei",2025-06-06 01:15:48.304671,"5FQZtlPyOg",0.96
"id_2343141720","device_DTc6doiU4d","xiaomi",2025-07-16 01:15:48.304672,"MVT83brg9d",0.88
"id_7019432970","device_VFvO2REDMt","galaxy",2026-03-18 01:15:48.304673,"U9XeTP7fhQ",0.6
"id_7012276548","device_CjvWPyrm2w","galaxy",2026-01-30 01:15:48.304673,"3YxOiUYPn1",0.41
"id_8163208043","device_4TUtbi0zi1","xiaomi",2025-05-06 01:15:48.304674,"xuEsTR21qP",0.63
"id_8178691044","device_mmCrb63nq3","galaxy",2025-05-10 01:15:48.304675,"TSXs3R9LPE",0.63
"id_3668399007","device_2b28DCGVRg","galaxy",2026-02-24 01:15:48.304676,"b4iFBOXuiu",1
"id_3400423835","device_HiN5oKGSR2","iphone",2025-04-30 01:15:48.304677,"2yFVirC8vp",0.68
"id_9101276320","device_Ko5t9zl1CA","huawei",2025-04-24 01:15:48.304678,"4fBvLzpxyb",0.75
"id_1617458844","device_S8Z2KzA7sd","iphone",2025-06-15 01:15:48.304678,"YLWQbnYbYG",0.72
"id_3071636688","device_TwjUwtEr9T","xiaomi",2025-04-17 01:15:48.304679,"5aVEYbKDJ2",0.52
"id_9057167938","device_DHndtjex1z","galaxy",2025-07-17 01:15:48.304680,"MsqGUjZu0S",0.55
"id_3147202701","device_nC5ztTCewe","galaxy",2026-03-23 01:15:48.304681,"yHflTTUygj",0.87
"id_8677247393","device_mzBlvlCI3P","galaxy",2025-09-06 01:15:48.304682,"3eRTOV9Wvn",0.49
"id_6858703246","device_BlpiFXI5BI","huawei",2025-06-08 01:15:48.304682,"3juO1AIPK0",0.37
"id_6467915460","device_ZULMdNVi6w","huawei",2025-08-31 01:15:48.304683,"1JkxRByVUt",0.62
"id_8639737241","device_fFvmYdh0qU","huawei",2025-04-22 01:15:48.304684,"LIumGCp1tB",0.34
"id_7984253530","device_j4XVK4PHeE","iphone",2025-05-25 01:15:48.304685,"PeCCEJiRrz",0.91
"id_3178361081","device_05qUN1feOL","huawei",2026-03-28 01:15:48.304686,"YZ5nfVAcjt",0.77
"id_6946366666","device_8GD6AJtK0h","galaxy",2026-01-20 01:15:48.304687,"tPHXa0qCIn",0.37
"id_7336160747","device_ZZaKKD1ofO","iphone",2026-01-25 01:15:48.304687,"JHEprXdO0E",0.05
"id_1269870302","device_t84Wtnvmqe","galaxy",2026-01-24 01:15:48.304688,"tD2yZLaou1",0.15
"id_3103121562","device_VD1GkUe8Fa","huawei",2026-02-16 01:15:48.304689,"maTrS8BTPd",0.68
"id_8851317227","device_viM36Fj5ds","galaxy",2025-05-26 01:15:48.304690,"sAS7tsYjpZ",0.16
"id_6550719909","device_eT6VOwR02Y","galaxy",2025-09-17 01:15:48.304691,"RSj9A2sUpa",0.77
"id_2160016474","device_nlq4k8QFJ9","xiaomi",2026-02-01 01:15:48.304692,"bPz3oxL9nh",0.97
"id_9319600198","device_NAtOSaVj2x","huawei",2025-08-17 01:15:48.304692,"HcqIpiksIU",0.16
"id_2031676900","device_licD77W3x7","xiaomi",2025-09-22 01:15:48.304693,"88eye5gNvl",0.45
"id_1567712918","device_G0pqe6vs8d","xiaomi",2025-10-13 01:15:48.304694,"v3H9E8CoQy",0.83
"id_3415077437","device_WKrH3gzz1j","huawei",2025-06-20 01:15:48.304695,"9igLSfIuu3",0.51
"id_1468761032","device_ELVCj3WuAK","xiaomi",2025-07-08 01:15:48.304696,"2xdFRwsPvq",0.19
"id_5500181606","device_r0IzLJgI63","huawei",2025-07-01 01:15:48.304696,"GpSMBHGonk",0.86
"id_2262670416","device_cepx9kdgpM","galaxy",2025-08-01 01:15:48.304697,"jL34sgLsPK",0.06
"id_2151786349","device_j5AP5gAhmQ","iphone",2025-09-05 01:15:48.304698,"8ixDJGh6Fw",0.68
"id_6610221925","device_Cwjb1BgetG","huawei",2025-06-18 01:15:48.304699,"6T9ywwce8l",0.55
"id_1433490380","device_i1BlYlCfkc","iphone",2025-05-17 01:15:48.304700,"acQvbGkU0d",0.66
"id_7679678500","device_9aO7yn4rWO","xiaomi",2025-10-07 01:15:48.304701,"ZXe3tWih9w",0.3
"id_8642985016","device_aF7hUNw6Ho","iphone",2025-08-01 01:15:48.304701,"bxT3K5dwny",0.91
"id_6278612641","device_JQv2RPoexQ","galaxy",2025-08-26 01:15:48.304702,"ktfW9Zr6vr",0.54
"id_6517777808","device_L5r0Fk7IHi","iphone",2026-02-05 01:15:48.304703,"5SrFPkVpUP",0.32
"id_1379400518","device_ubvwFPE2Pr","huawei",2025-10-05 01:15:48.304704,"RIAk7wujOd",0.88
"id_7326869233","device_r6j2McZfgB","huawei",2026-03-15 01:15:48.304705,"RGALTaoBRJ",0.68
"id_6670423968","device_Ra2BSts2Fm","huawei",2025-10-12 01:15:48.304705,"LBVDSkVsBA",0.04
"id_8178464096","device_GPQkOdU2jl","iphone",2026-03-25 01:15:48.304706,"ftG9CPJkyL",0.52
"id_7452113849","device_KFI34EWVRJ","galaxy",2025-08-27 01:15:48.304707,"MdnlKO1MTU",0.69
"id_7535758332","device_kZT3AyJn1A","huawei",2026-03-26 01:15:48.304708,"POvYF6OSTd",0.56
"id_8289002380","device_gNMmvhhwyH","iphone",2025-04-15 01:15:48.304709,"tvPP08QpR6",0.26
"id_3374056079","device_JF1S5N81re","galaxy",2026-02-24 01:15:48.304709,"zFHI7oMz10",0.89
"id_1174924733","device_IBi8nPmEQt","xiaomi",2025-10-11 01:15:48.304710,"GePJHKcJc3",0.29
"id_4137973300","device_uU8k7ZK83q","xiaomi",2025-09-22 01:15:48.304711,"x5eDnDmLPd",0.91
"id_2580664217","device_DmDNXGwDvW","galaxy",2025-06-09 01:15:48.304712,"6mysN9Xbnj",0.33
"id_1476201841","device_yCi0ZG68rv","huawei",2025-10-31 01:15:48.304713,"rwPDu8xZBq",0.69
"id_9277285273","device_qkf3IJr4dp","huawei",2026-01-07 01:15:48.304714,"q0885ZgAqF",0.77
"id_4188765537","device_V8Flk0zoQK","galaxy",2025-08-25 01:15:48.304714,"lbjgZJ8NTy",0.91
"id_8964260415","device_hL9HTJIK46","galaxy",2025-06-22 01:15:48.304715,"MJb95wRafG",0.63
"id_4660344837","device_mDQwJIails","galaxy",2025-12-01 01:15:48.304716,"HmFS8VBkQ5",0.07
"id_3870958993","device_PVQ8XhpIHm","xiaomi",2026-01-28 01:15:48.304717,"sqpoEplMxl",0.06
"id_6466337809","device_lfkEj42X0I","iphone",2025-12-07 01:15:48.304718,"7QOT1ZyISG",0.3
"id_6042506933","device_KioVczBJ2F","iphone",2025-10-20 01:15:48.304719,"8NRTDVVWXd",0.65
"id_6810384011","device_uSyXsh1991","iphone",2026-03-27 01:15:48.304720,"6DoN0rAe9G",0.5
"id_7201772420","device_VA6RvDnkoP","xiaomi",2025-07-02 01:15:48.304720,"qYEwbMRBeE",0.5
"id_6068493378","device_je1KVn6YGH","galaxy",2026-01-20 01:15:48.304721,"SSWryVBq7m",0.25
"id_3512873482","device_6zdLeNWnMT","galaxy",2025-08-18 01:15:48.304722,"8hLPgSXSgX",0.37
"id_3072541655","device_rANRBjzzHO","huawei",2026-01-16 01:15:48.304723,"wwwoi73yiF",0.05
"id_9523645256","device_U5VghRecc9","xiaomi",2025-05-29 01:15:48.304724,"NMDfqzOT2E",0.24
"id_4631712988","device_wwZO5wJaZL","xiaomi",2025-07-07 01:15:48.304725,"ytzM94bKY4",0.37
"id_4212970648","device_WJoiVPVXrU","galaxy",2025-12-03 01:15:48.304726,"jgPSXg1vnX",0.88
"id_1135948913","device_ip9VjLU58R","galaxy",2025-11-15 01:15:48.304726,"V23fU9FJfY",0.48
"id_2258044100","device_2uRU5v7FV4","xiaomi",2025-04-22 01:15:48.304727,"R7cch4ApAp",0.13
"id_3503232131","device_tPeST2i7oN","galaxy",2025-04-27 01:15:48.304728,"uFTF3ie7PZ",0.35
"id_5122375634","device_7176VPL4SI","huawei",2025-12-09 01:15:48.304729,"a2HsYT01g6",0.46
"id_6500244552","device_7RIojve1IC","iphone",2025-12-25 01:15:48.304730,"tztmChomh4",0.3
"id_3144257044","device_pMzoINwMlr","xiaomi",2025-12-23 01:15:48.304730,"zl6heVc3Ai",0.65
"id_6491739207","device_98ujxoiDXc","xiaomi",2025-04-08 01:15:48.304731,"isbOLE4ajp",0.85
"id_2789066516","device_7f5gJjju7x","xiaomi",2025-08-17 01:15:48.304732,"GRjDU8KnIp",0.28
"id_2831383881","device_GYCMVNCNm7","iphone",2025-05-20 01:15:48.304733,"8qUze1YP3K",0.04
"id_3717723619","device_IS4xBQ8qUD","galaxy",2025-04-28 01:15:48.304734,"oadt5G2Mb1",0.52
"id_4709725612","device_TRVgfb9XfR","huawei",2025-09-09 01:15:48.304735,"ky6u8v0zWJ",0.55
"id_7524879307","device_e81qN8FThS","xiaomi",2025-11-06 01:15:48.304735,"feNb2UsNaD",0.62
"id_8971677584","device_oLtS84EHbv","galaxy",2025-08-24 01:15:48.304736,"xv7F6KkS3Z",0.31
"id_5560536140","device_pbNXArx0Ij","xiaomi",2025-11-25 01:15:48.304737,"b4iIDACyct",0.54
"id_1978145033","device_BNLESaMqfP","galaxy",2025-05-19 01:15:48.304738,"bmf4AaNhx2",0.81
"id_4003972028","device_SA8XY9J25Z","galaxy",2025-08-25 01:15:48.304739,"2cuGnyKlHZ",0.05
"id_9909077633","device_tFMApUhp99","galaxy",2025-05-30 01:15:48.304739,"l7kC7UTvIY",0.52
"id_1405578403","device_4vufjAetSL","xiaomi",2025-08-03 01:15:48.304740,"nqOpfJzKPL",0.93
"id_3468345838","device_K0jbTOPZt8","xiaomi",2025-08-12 01:15:48.304741,"njhdleFEHK",0.34
"id_9463267081","device_beR1zDYOM9","xiaomi",2025-12-17 01:15:48.304742,"eiP8djhVF0",0.44
"id_8298221069","device_N8obe1GYEd","iphone",2025-12-24 01:15:48.304743,"fGI3I6w4Xl",0.16
"id_3724670278","device_dPkOkVuz2J","iphone",2025-12-03 01:15:48.304743,"OAMfJnyA9V",0.71
"id_2625576359","device_wpDwENhoD3","galaxy",2025-10-28 01:15:48.304744,"7uT7Dua6hg",0.11
"id_2553834268","device_W99aorPDIo","huawei",2025-09-01 01:15:48.304745,"kZD9YBxvLm",0.19
"id_8595231581","device_sHLnKAjV7M","iphone",2025-10-06 01:15:48.304746,"UqnPx2KkwM",0.16
"id_9440713808","device_pD3jVwGzXz","xiaomi",2025-08-22 01:15:48.304747,"WHnpF96r2A",0.32
"id_8822497159","device_9PZCOgowj2","huawei",2025-08-10 01:15:48.304747,"zQibHI2Y7X",0.66
"id_8172699471","device_FqiQP1EhDx","iphone",2025-06-18 01:15:48.304748,"Q9e9hiFhcu",0.69
"id_1073336202","device_OJeOCYJV0W","galaxy",2025-09-08 01:15:48.304749,"pi78c4oK7g",0.56
"id_1800786827","device_DVsrUSK8G1","huawei",2025-04-04 01:15:48.304750,"8ckgHOSuuz",0.97
"id_6391569163","device_0KBNndDY4U","galaxy",2025-06-16 01:15:48.304751,"oAEZszf1Ji",0.68
"id_8941471999","device_6hMZ3Z2iO9","iphone",2026-03-28 01:15:48.304751,"I6q5FfQIlX",0.22
"id_7242577190","device_V6hPCMLQrN","huawei",2026-03-31 01:15:48.304752,"F8b9xpDTJy",0.18
"id_5325548490","device_WRfr1c7QKg","galaxy",2025-12-22 01:15:48.304753,"u8eGaE4Hee",0.46
"id_5480339874","device_Bg2gFZen3A","iphone",2025-06-03 01:15:48.304754,"sYVZkishDo",0.32
"id_1637716028","device_zZXVj7K3uy","galaxy",2026-02-03 01:15:48.304755,"geXm50u9g4",0.94
"id_8741625583","device_IQy4A63DO7","galaxy",2026-03-26 01:15:48.304756,"QDLFtapLFv",0.78
"id_4729649156","device_zghDEdSuZW","huawei",2025-06-01 01:15:48.304756,"gJ8VcuuWHf",0.36
"id_7682546115","device_oHLrk4on7b","huawei",2025-11-18 01:15:48.304757,"lC55U4hqOD",0.91
"id_2485890876","device_c6XSBVRI2M","iphone",2025-04-01 01:15:48.304758,"YX831rtTeZ",0.99
"id_1082232008","device_4st1n3Ct0y","iphone",2025-12-22 01:15:48.304759,"eeiuUuq3We",0.9
"id_2859223043","device_Gqu6T9OEyh","galaxy",2026-03-13 01:15:48.304760,"mSGrHjA0QV",0.04
"id_6382257796","device_9fEviVQALv","huawei",2025-08-25 01:15:48.304761,"2k8JyNMPkU",0.99
"id_7172255546","device_Bncp9qv0sK","galaxy",2025-12-10 01:15:48.304761,"nt8FHjPKtR",0.25
"id_8988121170","device_6MyG3TkHye","iphone",2025-09-18 01:15:48.304762,"DFFfyQk90I",0.02
"id_1509417447","device_cq8afqLYMp","galaxy",2025-05-22 01:15:48.304763,"trghYysdCJ",0.35
"id_3206213798","device_6sIlFkDn3j","xiaomi",2025-04-27 01:15:48.304764,"35hGGgXiaX",0.24
"id_9488439602","device_E2oQEWiieR","galaxy",2025-07-21 01:15:48.304765,"lELmHP5Cq3",0.27
"id_3485327283","device_rHlfycsP5F","huawei",2026-03-25 01:15:48.304765,"B1HvNIy6wm",0.77
"id_9792631111","device_Sgxr29TP5X","huawei",2025-07-13 01:15:48.304766,"Tezhvz1B25",0.92
"id_8412424061","device_VQ5fD8Du0u","huawei",2026-03-25 01:15:48.304767,"vYl7MbZTI3",0.38
"id_8751039917","device_KGomDkETWI","huawei",2025-05-13 01:15:48.304768,"xUSesZuOpb",0.81
"id_5579544783","device_TfX7hoXy3C","huawei",2026-03-04 01:15:48.304769,"a8phqo8ubH",0.66
"id_9945652400","device_RtzN4tPmM4","huawei",2025-04-01 01:15:48.304770,"3sqaqJHkk4",0.28
"id_2448307853","device_wWKiLTuu1p","galaxy",2025-05-20 01:15:48.304770,"A6sbTt7JOv",0.27
"id_4332537469","device_ePeLvIplbN","xiaomi",2025-09-17 01:15:48.304771,"SVHaLNZkX0",0.07
"id_6267159294","device_gQ4ioMm1Rd","xiaomi",2025-05-27 01:15:48.304772,"2MM2rbpsq0",0.86
"id_9205410182","device_dSXVnnutsD","galaxy",2026-01-02 01:15:48.304773,"DSptZnZTzo",0.85
"id_8617069829","device_Mizr5DbEqo","xiaomi",2025-11-10 01:15:48.304774,"cFJXDr3uWa",0.23
"id_7446896672","device_E0mWSeEgft","xiaomi",2025-08-12 01:15:48.304774,"TTlbvzUIjk",0.6
"id_3561793767","device_xqQFSOBX0n","iphone",2025-12-27 01:15:48.304775,"w7vFK4h3N4",0.18
"id_8713491337","device_OhNmj1nTQk","huawei",2026-01-01 01:15:48.304776,"2efN3nCc07",0.61
"id_1347058049","device_me2UFfDOC0","galaxy",2026-03-27 01:15:48.304777,"EA45uzBLp9",0.45
"id_5618078156","device_HQLYfv4NLU","iphone",2025-09-24 01:15:48.304778,"jrQ8kynagD",0.15
"id_4373567602","device_Q5Yq0ItH61","xiaomi",2025-07-06 01:15:48.304779,"XMQ2P1slbG",0.78
"id_8337374658","device_Q5NZIBd1ny","galaxy",2026-03-30 01:15:48.304779,"W3ylcpis5Q",0.5
"id_5601358720","device_oFEETiuaWP","huawei",2025-05-16 01:15:48.304780,"yQbJNGZS7T",0.88
"id_3993199593","device_3aadMo8K2b","huawei",2025-06-27 01:15:48.304781,"FpKX6vH3ln",0.4
"id_1682343976","device_XbnrcmCBy8","xiaomi",2026-02-23 01:15:48.304782,"38fm27xSZa",0.76
"id_6881291175","device_oFfFEd0hGj","huawei",2025-10-18 01:15:48.304783,"A2MrHXmy1K",0.53
"id_9683129465","device_PewEDJJ2cF","huawei",2026-02-02 01:15:48.304784,"HZ0FpE9XGw",0.05
"id_7168234249","device_rtHd9ahuEX","huawei",2025-08-29 01:15:48.304784,"y7ZHqVWv2k",0.12
"id_7046252468","device_0nZxxNOMZu","huawei",2025-06-16 01:15:48.304785,"8QGbCZtp9u",0.92
"id_7540668008","device_ZHHBTXc4Ba","xiaomi",2025-06-28 01:15:48.304786,"UU8irmpGKY",0.56
"id_9878115301","device_gahk26a5Qm","xiaomi",2026-03-24 01:15:48.304787,"NzUyepyOKo",0.37
"id_8433401496","device_L9xbYnQ8Wd","xiaomi",2025-06-24 01:15:48.304788,"sJcKi3ToOm",0.36
"id_9947422755","device_iBqzGNCZQU","xiaomi",2025-07-05 01:15:48.304789,"UzI9LK8dRo",0.52
"id_6939301646","device_xtNrmKY8xL","xiaomi",2025-12-09 01:15:48.304789,"2CGCuKCGj9",0.3
"id_4689771261","device_GfYqr7Q3Yn","galaxy",2025-09-30 01:15:48.304790,"MtIgLKybZn",0.2
"id_7315862273","device_YjYnGl8MkY","iphone",2025-09-06 01:15:48.304791,"gBVKMzJAQW",0.51
"id_4923138587","device_b2ROWI8nKf","iphone",2026-01-27 01:15:48.304792,"L4bDCgiBPn",0.42
"id_3095416546","device_DItx0ADYLg","galaxy",2025-11-19 01:15:48.304792,"A8OHEbyLzu",0.74
"id_8811683826","device_gfVgcGsaa4","galaxy",2025-08-27 01:15:48.304793,"GA34J7lzIj",0.26
"id_2935023925","device_mkjFLnG90o","xiaomi",2025-05-02 01:15:48.304794,"0d65BnrOCP",0.31
"id_1573109201","device_KgsUcCQzsq","galaxy",2025-12-25 01:15:48.304795,"aNYw58FRg0",0.97
"id_7301054048","device_QbMi7oXma6","xiaomi",2026-02-22 01:15:48.304796,"J3r6V2UkEZ",0.4
"id_5730847375","device_IZ13KJBEjw","huawei",2025-12-19 01:15:48.304797,"m2zHp4LJvX",0.79
"id_7856504781","device_qAJxCcPnQ8","iphone",2025-09-08 01:15:48.304797,"xSdQ6pcvjH",0.41
"id_7313123330","device_oObadq6VLC","xiaomi",2025-09-25 01:15:48.304798,"JYwo4Q9FdR",0.01
"id_6524065783","device_PiIJjU0Ilu","iphone",2025-08-22 01:15:48.304799,"oNnffJNrpo",0.2
"id_6453469393","device_gi8zIFUmgh","xiaomi",2026-01-18 01:15:48.304800,"6IeuYtlbWP",0.66
"id_9402877000","device_1QJ8ZJ9bPy","iphone",2025-11-17 01:15:48.304801,"4F5dKx4oUe",0.55
"id_9930227774","device_uxHypMRm5Y","xiaomi",2026-03-12 01:15:48.304801,"TUMpBO2tIs",0.54
"id_5824668519","device_ZdeRx1Z5o3","huawei",2025-12-15 01:15:48.304802,"2T4Vp5zxiO",0.54
"id_9525537317","device_EXBYd4KH00","galaxy",2025-10-31 01:15:48.304803,"dwHR9B595S",0.56
"id_9023315978","device_LbWM8MKB4X","iphone",2025-09-30 01:15:48.304804,"o7VNItyFSC",0.88
"id_7874517209","device_Qxq9vuDbeh","xiaomi",2025-06-13 01:15:48.304805,"irK2Lnzbci",0.55
"id_3928504399","device_FEZO6WqZwR","galaxy",2025-09-19 01:15:48.304806,"7BcHMQMgi6",0.47
"id_6150317444","device_zutz8tVuHT","galaxy",2025-07-12 01:15:48.304806,"oREHNXEtwH",0.57
"id_7277843313","device_g4oRF6v464","huawei",2025-12-19 01:15:48.304807,"wIgG5quAx0",0.71
"id_6761355087","device_u9QlBGbaEy","huawei",2025-05-20 01:15:48.304808,"ezPD4fDeWa",0.7
"id_4847376138","device_vfPwpiMs63","xiaomi",2025-07-17 01:15:48.304809,"dxeLAGtJQn",0.81
"id_5326715222","device_5ueDCA72Li","galaxy",2026-02-15 01:15:48.304810,"LjROBJGLh6",0.03
"id_3041160547","device_B4obKqBlln","xiaomi",2025-04-06 01:15:48.304810,"23Phx4PLKK",0.22
"id_7459997346","device_7vnQ8QHGjp","xiaomi",2026-03-18 01:15:48.304811,"wQOVQdUUnn",0.69
"id_6001732787","device_sSywxTroaX","iphone",2025-09-20 01:15:48.304812,"ZL66vVHrtu",0.23
"id_6117216762","device_Akt9ucTbZQ","huawei",2025-11-07 01:15:48.304813,"GZc4I3YT68",0.86
"id_3934550840","device_PZNMNYKUE3","xiaomi",2025-07-27 01:15:48.304814,"NpQ9F5Cdk8",0.77
"id_5685048148","device_kPOcf1b4t6","xiaomi",2025-08-02 01:15:48.304815,"iLanBvZ6zY",0.83
"id_6452164178","device_fHm8CZjww4","huawei",2026-02-20 01:15:48.304815,"7UsSxnBh20",0.92
"id_6758857363","device_xm4TKhESPY","xiaomi",2025-08-12 01:15:48.304816,"o5HyggXUB5",0.83
"id_6502496656","device_1YHzM84amU","iphone",2025-10-06 01:15:48.304817,"W5c1AwQUQz",0.1
"id_5834864175","device_cglud5B74C","huawei",2025-10-09 01:15:48.304818,"6Wsip3caEl",0.35
"id_8435007339","device_bta3SGbcRo","huawei",2025-05-16 01:15:48.304819,"ndYLvMRaFw",0.69
"id_7863792913","device_xborCpAONd","iphone",2025-08-26 01:15:48.304819,"vrkkrjgKhQ",0.76
"id_4006533336","device_7JjPeZDtC7","xiaomi",2025-09-04 01:15:48.304820,"4knfQdxN4u",0.33
"id_8073070345","device_JY7UtJhnCG","huawei",2026-02-08 01:15:48.304821,"farVnMHkBD",0.86
"id_3011143388","device_tUO30CfLQY","xiaomi",2025-12-02 01:15:48.304822,"xFdZbG719P",0.93
"id_8076250000","device_LoNBuVH9TL","galaxy",2025-10-14 01:15:48.304823,"5ifNDkkA0F",1
"id_3227401822","device_FJCZ5FFD57","iphone",2026-03-15 01:15:48.304823,"ZfRfjPMhaO",0.87
"id_4776639384","device_HAGCssKI2o","xiaomi",2025-08-26 01:15:48.304824,"M12yy449xW",0.87
"id_1495705582","device_Zt4fFME1nB","huawei",2025-05-23 01:15:48.304825,"VLVfbPUj2l",0.18
"id_9758655142","device_bOPpItcgJe","galaxy",2025-08-18 01:15:48.304826,"n4gWMRJCYG",0.97
"id_4565875741","device_hx8UckPgQ4","iphone",2025-04-11 01:15:48.304827,"vaq8gzFJa9",0.79
"id_1455800795","device_8HCpTRAW6O","galaxy",2025-08-25 01:15:48.304827,"5wL3oRWs2X",0.94
"id_2555173456","device_gVYJPl8pBt","xiaomi",2025-12-26 01:15:48.304828,"xbln1j5KIt",0.87
"id_3430939736","device_nS1ajI3wr8","huawei",2025-08-23 01:15:48.304829,"Hgu3GXYO1q",0.45
"id_6410040179","device_kvh2zot6hO","huawei",2026-02-17 01:15:48.304830,"BfM4kJ9Ye5",0.52
"id_8042169458","device_YUOFefGFAV","huawei",2025-08-28 01:15:48.304831,"3zB1IneFJw",0.04
"id_8361783256","device_HdekuEUkPN","galaxy",2025-10-25 01:15:48.304831,"jMTvqDd45G",0.5
"id_1212204966","device_AgIR9ceANt","xiaomi",2026-01-15 01:15:48.304832,"lLxf0Jwqaq",0.29
"id_2456587763","device_hH8pkHMWEu","iphone",2025-04-04 01:15:48.304833,"xSZurXzcZv",0.64
"id_5909548700","device_Hf7LOJ5Yui","huawei",2025-04-24 01:15:48.304834,"P1SfyWSlEK",0.4
"id_4418733770","device_iu7ViAGJfN","galaxy",2025-07-30 01:15:48.304835,"spywTzcKVa",0.04
"id_8979449720","device_Ymr3JtNEUk","galaxy",2025-08-28 01:15:48.304835,"Qi17kREr3n",0.95
"id_1096767359","device_xjDZSMVtfg","xiaomi",2025-08-28 01:15:48.304836,"RulGcZfluC",0.29
"id_3936469853","device_bPIE6dPi3E","xiaomi",2025-06-02 01:15:48.304837,"dsKiqRtKkN",0.52
"id_7570793945","device_7GD7ihJQin","iphone",2025-11-07 01:15:48.304838,"4PN9y9HzTM",0.48
"id_9156252702","device_nnyqNzMWC0","galaxy",2026-01-22 01:15:48.304839,"WtGu35OUKG",0
"id_7361339443","device_8YTIUyLBpy","huawei",2025-06-01 01:15:48.304839,"4oeApXzdjW",0.7
"id_6128174320","device_m3nqpBwisK","galaxy",2025-09-14 01:15:48.304840,"jP3fyuq8zP",0.03
"id_5785449677","device_QfEim399ty","xiaomi",2025-07-21 01:15:48.304841,"NhtoxDYNqE",0.63
"id_9538433966","device_WguMVNRhED","huawei",2025-08-12 01:15:48.304842,"pMitkH1fmD",0.18
"id_2712230589","device_7x2uO8biFP","huawei",2025-06-06 01:15:48.304843,"MrVNMUeGAp",0.48
"id_2091906402","device_PQ838kzY4V","iphone",2025-07-23 01:15:48.304843,"F4SjqiJ3bM",0.28
"id_8510174049","device_HD6rssmHV5","iphone",2025-05-17 01:15:48.304844,"7zTBlw5ltI",0.2
"id_1276546277","device_9q361sjDQV","xiaomi",2025-05-05 01:15:48.304845,"FxvFTzEbJ5",0.84
"id_6740132186","device_748lZz7IfK","galaxy",2025-11-22 01:15:48.304846,"yutEhxwvfs",0.18
"id_3914948335","device_gH8Wc9elSc","galaxy",2025-10-31 01:15:48.304847,"kckOImqtRD",0.73
"id_6671587553","device_X99johMzRP","galaxy",2026-01-03 01:15:48.304848,"CSozdgL0nr",0.57
"id_8036043525","device_FwC22cB59w","xiaomi",2025-12-02 01:15:48.304848,"LbBOOGtUiC",0.35
"id_2626735505","device_5nnJ5eCYzb","xiaomi",2025-07-06 01:15:48.304849,"hazT4ZIwiv",0.93
"id_4720010184","device_qhBgRqA1ID","iphone",2026-01-08 01:15:48.304850,"JMrjp02hJJ",0.61
"id_9609376100","device_VsYFjlLK0I","iphone",2025-11-29 01:15:48.304851,"2ZxUP3rPyB",0.37
"id_6019748878","device_Cb3vqgO7xA","xiaomi",2025-12-29 01:15:48.304852,"8iLLq3rdA2",0.37
"id_1762732069","device_bZN27uLgDs","huawei",2025-08-25 01:15:48.304852,"Go8nMd7tMC",0.07
"id_2099186224","device_Ea4RNXEGV5","iphone",2025-12-30 01:15:48.304853,"e79yLgbfgZ",0.15
"id_6300465072","device_mTH5E0CRwv","iphone",2025-09-15 01:15:48.304854,"jp1w9hODfS",0.55
"id_2026697790","device_uSseGMi02b","iphone",2025-08-01 01:15:48.304855,"ADh8hWHxHi",0.75
"id_4104205716","device_7TezGn033m","galaxy",2025-06-21 01:15:48.304855,"JFKkbVu5Y2",0.47
"id_8593410434","device_gaYBPfcJVQ","huawei",2026-03-20 01:15:48.304856,"cCD7M38bfa",0.65
"id_4215695158","device_4w3XU6VTLD","galaxy",2025-12-30 01:15:48.304857,"Gwzb9q5qqB",0.6
"id_2508019741","device_y9XKOXI22E","xiaomi",2025-11-21 01:15:48.304858,"85yPU0N5wa",0.26
"id_2652756610","device_cxsz1xhHkx","galaxy",2025-06-05 01:15:48.304859,"NTeYhDnEDk",0.64
"id_5495634106","device_O8hKHNBelg","huawei",2025-09-20 01:15:48.304860,"kn3IuByIZq",0.26
"id_1832218826","device_qK0OcK8XG4","huawei",2025-12-03 01:15:48.304860,"hZBsPA4kLM",0.54
"id_4516085770","device_nYMQ9s7nGM","xiaomi",2025-08-07 01:15:48.304861,"VKmc6KVGQ8",0.07
"id_1614475308","device_6qPaFgi3bR","galaxy",2026-01-04 01:15:48.304862,"ggshejpXi1",0.5
"id_4801067168","device_Pc2gqjwcVl","galaxy",2025-06-11 01:15:48.304863,"68YxtGP5kQ",0.27
"id_9486455407","device_zpeeDJlkg8","xiaomi",2025-07-22 01:15:48.304864,"BLC0BmMnZ6",0.72
"id_4880062262","device_37VLZo9GCO","huawei",2025-08-26 01:15:48.304864,"i9F7rwMWAQ",0.94
"id_2460382422","device_zwKtPjiHTr","huawei",2026-02-12 01:15:48.304865,"IVdP8zBcqw",0.16
"id_3928957756","device_CTVH6Rsqqr","galaxy",2025-10-16 01:15:48.304866,"GVmVJcQAY0",0.53
"id_4546510720","device_qKrSbaWKHT","galaxy",2025-08-19 01:15:48.304867,"GNYSg6IOIC",0.92
"id_6720695978","device_lFnm0UO2jy","galaxy",2025-04-30 01:15:48.304867,"cfemOrdXxX",0.26
"id_8244399576","device_htVBD0jvjF","xiaomi",2025-09-13 01:15:48.304868,"TYY6P20cty",0.76
"id_5850095678","device_fpSaDW1lMF","iphone",2025-04-02 01:15:48.304869,"bihoFgMsw5",0.18
"id_9395154856","device_sOH7NE2cqN","iphone",2025-10-21 01:15:48.304870,"6pmM8bi6Tg",0.06
"id_2056476751","device_Gej7Wy01y4","xiaomi",2025-08-31 01:15:48.304871,"cDpGPgYMXX",0.05
"id_9002334519","device_YARWo0vaaH","xiaomi",2025-07-23 01:15:48.304872,"F7QND44ju5",0.67
"id_2691386384","device_JF2ETiADi8","galaxy",2026-01-07 01:15:48.304872,"OFePfkP6Dw",0.4
"id_9984177702","device_8xyOW7qwCs","huawei",2025-07-08 01:15:48.304873,"3dHT87wHPa",0.64
"id_9003333827","device_DW53zetql1","xiaomi",2025-10-21 01:15:48.304874,"SDkyhrVSeC",0.74
"id_5201449904","device_yTF2ipKZHi","galaxy",2026-01-19 01:15:48.304875,"QksSCtMRiS",0.06
"id_3002680507","device_wQtm4BZk2Y","iphone",2025-09-21 01:15:48.304876,"8WdGq523sz",0.35
"id_3571570991","device_H4quZFzhUE","iphone",2025-06-17 01:15:48.304876,"unqmWXg3CX",0.09
"id_6562303440","device_EwayPVsX5G","iphone",2025-05-13 01:15:48.304877,"XlwWXAzXMe",0.22
"id_4661025460","device_Txut3g8JNq","xiaomi",2025-05-24 01:15:48.304878,"s9koQiOo3f",0.82
"id_2336599211","device_WEus483fId","xiaomi",2025-09-25 01:15:48.304879,"eeal6xsKHY",0.78
"id_8780706014","device_TpxThaYuNM","xiaomi",2026-01-23 01:15:48.304880,"IAwLva55ro",0.56
"id_4952661766","device_0FrGcmzRei","galaxy",2026-01-28 01:15:48.304881,"6Bzwr68Nem",0.78
"id_7363397738","device_dNT2F2CQRF","huawei",2026-01-28 01:15:48.304881,"DuvtrNYOeo",0.63
"id_9847797878","device_pOurrY2kSy","galaxy",2025-08-04 01:15:48.304882,"JoJHlKFWay",0.29
"id_3961163747","device_WbqibsirtU","galaxy",2025-10-21 01:15:48.304883,"kFHraMpkHH",0.36
"id_2151036173","device_580CS4nL41","xiaomi",2025-07-21 01:15:48.304884,"WeQ4KU3OK9",0.9
"id_4579244487","device_OuQPn0gtp2","xiaomi",2025-09-05 01:15:48.304885,"hgTGRRHnL6",0.32
"id_3721333631","device_seIyDAtsMy","iphone",2025-11-27 01:15:48.304885,"9sENa8ZDML",0.36
"id_2507057595","device_M7ZQEIZI9e","galaxy",2026-01-22 01:15:48.304886,"My0JogXpU3",0.65
"id_8795711158","device_jBbMxeVR3j","iphone",2026-01-07 01:15:48.304887,"reN9ACZBIG",0.39
"id_5783311243","device_kbe4fva9Ib","iphone",2025-05-17 01:15:48.304888,"UgChUvcA84",0.46
"id_2259065338","device_JzRBnGFlXt","huawei",2025-06-21 01:15:48.304889,"rnUlhUjh9j",0.64
"id_5354219873","device_WzByhnMhA8","huawei",2025-07-29 01:15:48.304890,"jkQkerWGJW",0.43
"id_5574103452","device_Z6OKiSTQj2","huawei",2025-06-29 01:15:48.304890,"m3b9j00AVa",0.39
"id_6484994359","device_MwzrInuKRO","huawei",2026-02-03 01:15:48.304891,"3hbTwy18Rm",0.34
"id_4764962484","device_p8nAtKPyKk","huawei",2026-03-19 01:15:48.304892,"xM5gLKfzY9",0.01
"id_2401806626","device_jbxp2TxbiQ","xiaomi",2025-05-18 01:15:48.304893,"xPOhGzAExv",0.13
"id_2834590978","device_rHGnAM62cI","xiaomi",2026-01-20 01:15:48.304894,"CPRdCbkMol",0.12
"id_8849389230","device_5cELxyyMcs","huawei",2025-11-08 01:15:48.304895,"b0W7wOs4r1",0.08
"id_7195227693","device_kIft9mr0A1","galaxy",2025-12-23 01:15:48.304896,"Y5jrN6eT0I",0.89
"id_9876381417","device_fMeLjhGMNW","xiaomi",2025-12-16 01:15:48.304896,"vOXBVVFFzT",0.5
"id_8817797203","device_9kLGq8HTDW","huawei",2025-11-05 01:15:48.304897,"K9VeOVDbIR",0.32
"id_2823405503","device_1FXRe9QhLe","xiaomi",2025-05-09 01:15:48.304898,"lh4kdeFse9",0.36
"id_8952012869","device_U05zSMsqsw","xiaomi",2026-03-02 01:15:48.304899,"M3P7ZcuuiL",0.56
"id_4047967778","device_NQqvdD5kYf","xiaomi",2025-04-21 01:15:48.304900,"zciBxKNMQw",1
"id_8080002486","device_XUvz0FD87B","iphone",2026-01-24 01:15:48.304900,"PTXyld7vqL",0.04
"id_9295292478","device_ogiCeXzoXW","iphone",2026-02-11 01:15:48.304901,"EsH1Zwcr1q",0.98
"id_2154335440","device_ECblFnf9kx","iphone",2025-06-17 01:15:48.304902,"WbMUhKNNic",0.92
"id_2486856710","device_9xBPgSlCNl","iphone",2025-06-15 01:15:48.304903,"LEbk4QsPrp",0.93
"id_8261877323","device_y9hF2j4cy3","huawei",2025-10-13 01:15:48.304904,"VXq55tZnQN",0.68
"id_4930354921","device_mz1IYR26qa","iphone",2025-05-30 01:15:48.304904,"96X5lf6ZaJ",0.94
"id_3993897525","device_daA6PGoA88","huawei",2025-12-26 01:15:48.304905,"zsIbwsLA22",0.75
"id_1078043218","device_Bhvb75uFR2","iphone",2025-11-18 01:15:48.304906,"O8xi7bzrXZ",0.47
"id_8641956263","device_JGDuvowPb7","huawei",2025-04-05 01:15:48.304907,"wezzMfdBxj",0.24
"id_7272937674","device_uka65OcJHT","huawei",2025-10-19 01:15:48.304908,"4v0pgCdY2d",0.63
"id_2643879613","device_RNMzKhrdir","galaxy",2025-06-08 01:15:48.304908,"AjuAwIVOvl",0.63
"id_5484216783","device_WZ7Ea0FrZA","galaxy",2025-09-21 01:15:48.304909,"5X5Hl1lsW4",0.89
"id_8843497907","device_kUJ6R1bW06","huawei",2025-11-22 01:15:48.304910,"r5FaLTCY8N",0.22
"id_1842099081","device_ek15vVVDMG","iphone",2026-03-13 01:15:48.304911,"34DeHb0JXZ",0.06
"id_9271846376","device_k15ogGpWRS","galaxy",2025-11-27 01:15:48.304912,"URfMS3T6J6",0.87
"id_7289706064","device_H4gP0VET8K","huawei",2025-08-27 01:15:48.304912,"HxM80SZ2tt",0.29
"id_4641954722","device_zQRh3MT2lf","huawei",2025-08-16 01:15:48.304913,"xKxL1uinrK",0.64
"id_5465347185","device_DA0BezQgfJ","huawei",2025-11-20 01:15:48.304914,"1WFb8WiCov",0.28
"id_2008632601","device_edKWsCZ7cp","iphone",2026-02-13 01:15:48.304915,"TFChprAJIZ",0.44
"id_6069689798","device_DGQ8XSmZiV","iphone",2025-06-19 01:15:48.304916,"cdjGPMmeIl",0.78
"id_7822583409","device_IfgFP9A312","galaxy",2026-03-19 01:15:48.304916,"jMJcOJAVsj",0.18
"id_8134660564","device_m6ZHTSW3pV","huawei",2025-09-20 01:15:48.304917,"iGVGR9lgaF",0.64
"id_4708296858","device_kAzV9q3XWI","huawei",2025-10-01 01:15:48.304918,"1BeRxmwOaX",0.77
"id_8382416827","device_aTEf7mJmdg","huawei",2025-09-21 01:15:48.304919,"XqJVq6aAvY",0.17
"id_5079717571","device_7229q5TtbW","huawei",2025-08-08 01:15:48.304920,"iXQd5CWHkU",0.74
"id_4938709236","device_w8QiLzBO7u","iphone",2026-03-26 01:15:48.304920,"G9cuV3G5zV",0.37
"id_5241545473","device_oC6F257Uzt","galaxy",2025-12-06 01:15:48.304921,"R8oruzmo5c",0.33
"id_4396124639","device_py5lkFG4iR","huawei",2025-04-30 01:15:48.304922,"ocEyZyWPPI",0.94
"id_2444673314","device_jnhZbBLhLR","huawei",2026-01-10 01:15:48.304923,"cB1Xyyuf6c",0.03
"id_2559160816","device_AdvWb7Y9Ba","xiaomi",2025-11-12 01:15:48.304924,"CfCgl26OCJ",0.1
"id_5066012025","device_1twFoUsatv","iphone",2025-06-01 01:15:48.304924,"I7NQaV9srB",0.31
"id_9655121366","device_7wiGqIN6Sq","xiaomi",2026-02-28 01:15:48.304925,"bt9U3mxuKV",0.48
"id_5621249580","device_2b9cuabGfS","huawei",2025-08-20 01:15:48.304926,"XW659pE7Sw",0.2
"id_4360547277","device_zJpYweysbd","xiaomi",2026-01-21 01:15:48.304927,"CcVkB5Kbrn",0.39
"id_1243696143","device_Y1ArltwhwC","galaxy",2025-09-16 01:15:48.304928,"6yhALYO3fI",0.17
"id_9598854278","device_ajAbT457IA","huawei",2025-06-29 01:15:48.304929,"pL8k3Twdoj",0.39
"id_2553009856","device_eNKYX8CDio","galaxy",2025-04-22 01:15:48.304929,"9fKhyMxeyH",0.11
"id_8566361179","device_lMq5DI9gyr","xiaomi",2025-07-19 01:15:48.304930,"J1hP774Q5i",0.38
"id_1985893367","device_x3U6qctN4s","huawei",2025-06-01 01:15:48.304931,"jlTfKGR6jI",0.58
"id_4758321245","device_sAe2U1oBgD","xiaomi",2025-10-02 01:15:48.304932,"Gf9tUHqqDR",0.56
"id_1564571120","device_CdcuArySBh","huawei",2025-10-12 01:15:48.304933,"KhMgW8ZbpW",0.45
"id_6690134175","device_hK3nDuuG45","iphone",2025-08-04 01:15:48.304933,"viL9ulrGEF",0.35
"id_2898596325","device_hh1jAXB60D","iphone",2026-02-03 01:15:48.304934,"gvemBBgUFg",0.47
"id_7161633147","device_Y13Q7IUCJx","huawei",2025-10-10 01:15:48.304935,"KWypI9L9s2",0.48
"id_6494365668","device_26MWvIOVQD","xiaomi",2026-03-03 01:15:48.304936,"5SsRC1g8JH",0.88
"id_1079986100","device_DkMGNY2qfm","iphone",2025-05-11 01:15:48.304937,"IMgZOxqA12",0.43
"id_4477172480","device_spo720Sjkn","xiaomi",2025-05-10 01:15:48.304937,"iyjicvh3uv",0.4
"id_5484002678","device_k9P7xSstkU","xiaomi",2025-12-21 01:15:48.304938,"INL59jziES",0.45
"id_5552823638","device_BTTdSrxBlY","iphone",2025-10-03 01:15:48.304939,"LcOn04oUYw",0.66
"id_5872296047","device_58w2MTEnxV","xiaomi",2025-06-19 01:15:48.304940,"xnxLXFDadt",0.52
"id_2937435437","device_ZEmsGCIZAQ","huawei",2025-11-26 01:15:48.304941,"bJ5MHoNfJL",0.46
"id_8854388389","device_YW2y9HXtVX","galaxy",2025-11-06 01:15:48.304942,"uHtLkXc5TL",0.7
"id_8321860333","device_VGl8WCzGLy","galaxy",2025-10-06 01:15:48.304942,"Rmj5gvdaBX",0.22
"id_8836900543","device_bLwvmIoGOS","huawei",2025-08-26 01:15:48.304943,"AQzoAqctrL",0.44
"id_7624592395","device_3LGW7TntmJ","xiaomi",2025-12-06 01:15:48.304944,"pGauvGoX02",0.43
"id_4607571000","device_IE83Hz7Cbx","galaxy",2025-04-22 01:15:48.304945,"cS0yo1xfqY",0.79
"id_2465841996","device_SNZ06iflJK","galaxy",2025-04-30 01:15:48.304946,"4KkZRjJOQn",0.49
"id_5899892762","device_I3g1PoVS7B","galaxy",2025-09-25 01:15:48.304946,"oTqnkWnO26",0.7
"id_9292414301","device_GaXE0wHJ7D","iphone",2025-06-01 01:15:48.304947,"8B1cMdTgAe",0.71
"id_3907070750","device_vHjXBquNUa","huawei",2026-02-06 01:15:48.304948,"weVbcpS6IX",0.5
"id_6506142739","device_kfa6PEJa6w","iphone",2026-01-18 01:15:48.304949,"x31TitJc33",0.42
"id_2457846263","device_zVoJP4XM0y","huawei",2025-10-14 01:15:48.304950,"ONxpasseH5",0.14
"id_3375150893","device_GxD4HKEVEw","iphone",2026-02-11 01:15:48.304951,"Wi4maG5X7S",0.69
"id_9945746345","device_k82hcU5ZDn","xiaomi",2025-11-06 01:15:48.304951,"OuP3D1gzvS",0.09
"id_2901082017","device_PyJAn6SGSe","xiaomi",2026-01-27 01:15:48.304952,"mPdjjCl8me",0.34
"id_2545279382","device_izxsOmSh9P","xiaomi",2025-05-31 01:15:48.304953,"89AWx6oAxb",0.25
"id_4924084187","device_EyHNPJNfll","iphone",2025-07-03 01:15:48.304954,"QbCr33fHYI",0.92
